id,treatment_match,costs,er_amount_total,dayXlocation,us_stu_insch,us_stu_edlvl,us_stu_grade,us_stu_edlvl_all,us_stu_female,us_stu_mig_rel,us_stu_age,us_stu_grade_all,us_stu_yearsofed,us_stu_mig_rel_child,us_stu_mig_rel_sib,us_stu_mig_rel_niece,us_stu_mig_rel_cousin,treatment_tmp1,treatment_tmp2
100026.0,0,0.0,0.0,1.18945,1.0,4.0,13.0,4.0,1.0,2.0,18.0,13.0,13.0,0.0,1.0,0.0,0.0,0.0,
100031.0,0,0.0,0.0,1.18961,1.0,3.0,9.0,3.0,1.0,5.0,14.0,9.0,9.0,0.0,0.0,0.0,1.0,0.0,
100035.0,0,0.0,0.0,1.18961,1.0,3.0,9.0,3.0,0.0,5.0,17.0,9.0,9.0,0.0,0.0,0.0,1.0,0.0,
100038.0,0,0.0,0.0,1.18961,1.0,4.0,11.0,4.0,0.0,9.0,18.0,11.0,11.0,0.0,0.0,0.0,0.0,0.0,
100040.0,0,0.0,0.0,1.18961,1.0,5.0,2.0,5.0,0.0,5.0,18.0,2.0,14.0,0.0,0.0,0.0,1.0,0.0,
100041.0,0,0.0,0.0,1.18969,1.0,4.0,10.0,4.0,0.0,1.0,16.0,10.0,10.0,1.0,0.0,0.0,0.0,0.0,
100044.0,0,0.0,0.0,1.18961,1.0,4.0,10.0,4.0,1.0,5.0,15.0,10.0,10.0,0.0,0.0,0.0,1.0,0.0,
100045.0,0,0.0,0.0,1.18969,1.0,4.0,10.0,4.0,1.0,1.0,17.0,10.0,10.0,1.0,0.0,0.0,0.0,0.0,
100049.0,0,0.0,0.0,1.18983,1.0,3.0,9.0,3.0,1.0,4.0,15.0,9.0,9.0,0.0,0.0,1.0,0.0,0.0,
100050.0,0,0.0,0.0,1.18983,1.0,3.0,9.0,3.0,1.0,2.0,15.0,9.0,9.0,0.0,1.0,0.0,0.0,0.0,
100051.0,0,0.0,0.0,1.18969,1.0,3.0,9.0,3.0,1.0,1.0,16.0,9.0,9.0,1.0,0.0,0.0,0.0,0.0,
100054.0,0,0.0,0.0,1.18969,1.0,4.0,11.0,4.0,0.0,1.0,18.0,11.0,11.0,1.0,0.0,0.0,0.0,0.0,
100055.0,0,0.0,0.0,1.1899,1.0,5.0,1.0,5.0,0.0,1.0,19.0,1.0,13.0,1.0,0.0,0.0,0.0,0.0,
100059.0,0,0.0,0.0,1.1899,1.0,4.0,11.0,4.0,1.0,4.0,14.0,11.0,11.0,0.0,0.0,1.0,0.0,0.0,
100060.0,0,0.0,0.0,1.1899,1.0,5.0,1.0,5.0,1.0,4.0,22.0,1.0,13.0,0.0,0.0,1.0,0.0,0.0,
100061.0,0,0.0,0.0,1.18977,1.0,4.0,12.0,4.0,1.0,1.0,17.0,12.0,12.0,1.0,0.0,0.0,0.0,0.0,
100066.0,0,0.0,0.0,1.19012,1.0,5.0,2.0,5.0,1.0,4.0,19.0,2.0,14.0,0.0,0.0,1.0,0.0,0.0,
100072.0,0,0.0,0.0,1.1899,1.0,3.0,9.0,3.0,0.0,4.0,17.0,9.0,9.0,0.0,0.0,1.0,0.0,0.0,
100073.0,0,0.0,0.0,1.18977,1.0,3.0,9.0,3.0,0.0,1.0,15.0,9.0,9.0,1.0,0.0,0.0,0.0,0.0,
100074.0,0,0.0,0.0,1.18977,1.0,3.0,9.0,3.0,1.0,4.0,15.0,9.0,9.0,0.0,0.0,1.0,0.0,0.0,
100075.0,0,0.0,0.0,1.1899,1.0,4.0,12.0,4.0,0.0,8.0,19.0,12.0,12.0,0.0,0.0,0.0,0.0,0.0,
100077.0,0,0.0,0.0,1.1899,1.0,4.0,11.0,4.0,0.0,2.0,17.0,11.0,11.0,0.0,1.0,0.0,0.0,0.0,
100078.0,0,0.0,0.0,1.18983,1.0,4.0,12.0,4.0,0.0,5.0,16.0,12.0,12.0,0.0,0.0,0.0,1.0,0.0,
100079.0,0,0.0,0.0,1.19001,1.0,5.0,4.0,5.0,0.0,5.0,26.0,4.0,16.0,0.0,0.0,0.0,1.0,0.0,
100081.0,0,0.0,0.0,1.18983,1.0,4.0,10.0,4.0,0.0,5.0,20.0,10.0,10.0,0.0,0.0,0.0,1.0,0.0,
100082.0,0,0.0,0.0,1.19012,1.0,4.0,11.0,4.0,1.0,4.0,19.0,11.0,11.0,0.0,0.0,1.0,0.0,0.0,
100083.0,0,0.0,0.0,1.19022,1.0,4.0,10.0,4.0,1.0,4.0,17.0,10.0,10.0,0.0,0.0,1.0,0.0,0.0,
100084.0,0,0.0,0.0,1.19022,1.0,3.0,9.0,3.0,0.0,5.0,17.0,9.0,9.0,0.0,0.0,0.0,1.0,0.0,
100085.0,0,0.0,0.0,1.19022,1.0,5.0,3.0,5.0,1.0,7.0,22.0,3.0,15.0,0.0,0.0,0.0,0.0,0.0,
100087.0,0,0.0,0.0,1.18983,1.0,5.0,2.0,5.0,1.0,4.0,23.0,2.0,14.0,0.0,0.0,1.0,0.0,0.0,
100088.0,0,0.0,0.0,1.18983,1.0,4.0,12.0,4.0,1.0,2.0,21.0,12.0,12.0,0.0,1.0,0.0,0.0,0.0,
100089.0,0,0.0,0.0,1.18983,1.0,5.0,2.0,5.0,0.0,1.0,21.0,2.0,14.0,1.0,0.0,0.0,0.0,0.0,
100092.0,0,0.0,0.0,1.19012,1.0,4.0,11.0,4.0,1.0,1.0,17.0,11.0,11.0,1.0,0.0,0.0,0.0,0.0,
100093.0,0,0.0,0.0,1.19012,1.0,5.0,3.0,5.0,1.0,4.0,22.0,3.0,15.0,0.0,0.0,1.0,0.0,0.0,
100095.0,0,0.0,0.0,1.19001,1.0,5.0,7.0,5.0,1.0,2.0,30.0,7.0,19.0,0.0,1.0,0.0,0.0,0.0,
100097.0,0,0.0,0.0,1.19001,1.0,5.0,5.0,5.0,1.0,2.0,25.0,5.0,17.0,0.0,1.0,0.0,0.0,0.0,
100098.0,0,0.0,0.0,1.19022,1.0,4.0,12.0,4.0,0.0,4.0,18.0,12.0,12.0,0.0,0.0,1.0,0.0,0.0,
100099.0,0,0.0,0.0,1.19012,1.0,3.0,9.0,3.0,1.0,4.0,15.0,9.0,9.0,0.0,0.0,1.0,0.0,0.0,
100100.0,0,0.0,0.0,1.19012,1.0,6.0,1.0,6.0,1.0,1.0,16.0,1.0,13.0,1.0,0.0,0.0,0.0,0.0,
100101.0,0,0.0,0.0,1.19022,1.0,5.0,2.0,5.0,1.0,1.0,18.0,2.0,14.0,1.0,0.0,0.0,0.0,0.0,
100102.0,0,0.0,0.0,1.19012,1.0,4.0,11.0,4.0,1.0,1.0,19.0,11.0,11.0,1.0,0.0,0.0,0.0,0.0,
100103.0,0,0.0,0.0,1.19012,1.0,4.0,12.0,4.0,1.0,4.0,20.0,12.0,12.0,0.0,0.0,1.0,0.0,0.0,
100104.0,0,0.0,0.0,1.19012,1.0,4.0,11.0,4.0,1.0,4.0,17.0,11.0,11.0,0.0,0.0,1.0,0.0,0.0,
100105.0,0,0.0,0.0,1.19012,1.0,4.0,10.0,4.0,1.0,4.0,19.0,10.0,10.0,0.0,0.0,1.0,0.0,0.0,
100106.0,0,0.0,0.0,1.19022,1.0,4.0,12.0,4.0,1.0,1.0,18.0,12.0,12.0,1.0,0.0,0.0,0.0,0.0,
100107.0,0,0.0,0.0,1.19022,1.0,4.0,11.0,4.0,0.0,2.0,16.0,11.0,11.0,0.0,1.0,0.0,0.0,0.0,
100108.0,0,0.0,0.0,1.19022,1.0,4.0,12.0,4.0,0.0,1.0,17.0,12.0,12.0,1.0,0.0,0.0,0.0,0.0,
100117.0,0,0.0,0.0,1.19018,1.0,4.0,11.0,4.0,1.0,1.0,17.0,11.0,11.0,1.0,0.0,0.0,0.0,0.0,
100118.0,0,0.0,0.0,1.19018,1.0,5.0,3.0,5.0,1.0,5.0,23.0,3.0,15.0,0.0,0.0,0.0,1.0,0.0,
100119.0,0,0.0,0.0,1.19018,1.0,4.0,10.0,4.0,1.0,4.0,16.0,10.0,10.0,0.0,0.0,1.0,0.0,0.0,
100120.0,0,0.0,0.0,1.19018,1.0,5.0,3.0,5.0,1.0,2.0,31.0,3.0,15.0,0.0,1.0,0.0,0.0,0.0,
100121.0,0,0.0,0.0,1.19018,1.0,5.0,1.0,5.0,1.0,5.0,19.0,1.0,13.0,0.0,0.0,0.0,1.0,0.0,
100122.0,0,0.0,0.0,1.19018,1.0,5.0,2.0,5.0,1.0,5.0,22.0,2.0,14.0,0.0,0.0,0.0,1.0,0.0,
100123.0,0,0.0,0.0,1.19018,1.0,5.0,3.0,5.0,1.0,4.0,24.0,3.0,15.0,0.0,0.0,1.0,0.0,0.0,
100124.0,0,0.0,0.0,1.19018,1.0,5.0,1.0,5.0,0.0,1.0,20.0,1.0,13.0,1.0,0.0,0.0,0.0,0.0,
110024.0,0,0.0,0.0,1.1894,1.0,6.0,3.0,6.0,0.0,2.0,26.0,3.0,15.0,0.0,1.0,0.0,0.0,0.0,
110025.0,0,0.0,0.0,1.18946,1.0,4.0,13.0,4.0,0.0,6.0,19.0,13.0,13.0,0.0,0.0,0.0,0.0,0.0,
110030.0,0,0.0,0.0,1.18946,1.0,4.0,13.0,4.0,1.0,4.0,16.0,13.0,13.0,0.0,0.0,1.0,0.0,0.0,
110031.0,0,0.0,0.0,1.18953,1.0,4.0,10.0,4.0,1.0,1.0,16.0,10.0,10.0,1.0,0.0,0.0,0.0,0.0,
110040.0,0,0.0,0.0,1.1896,1.0,5.0,1.0,5.0,1.0,1.0,23.0,1.0,13.0,1.0,0.0,0.0,0.0,0.0,
110045.0,0,0.0,0.0,1.18953,1.0,3.0,9.0,3.0,1.0,2.0,16.0,9.0,9.0,0.0,1.0,0.0,0.0,0.0,
110046.0,0,0.0,0.0,1.18978,1.0,3.0,9.0,3.0,0.0,3.0,17.0,9.0,9.0,0.0,0.0,0.0,0.0,0.0,
110048.0,0,0.0,0.0,1.1894,1.0,4.0,10.0,4.0,0.0,5.0,15.0,10.0,10.0,0.0,0.0,0.0,1.0,0.0,
110049.0,0,0.0,0.0,1.18953,1.0,3.0,9.0,3.0,1.0,1.0,17.0,9.0,9.0,1.0,0.0,0.0,0.0,0.0,
110050.0,0,0.0,0.0,1.18978,1.0,5.0,2.0,5.0,0.0,1.0,22.0,2.0,14.0,1.0,0.0,0.0,0.0,0.0,
110051.0,0,0.0,0.0,1.18978,1.0,5.0,1.0,5.0,1.0,9.0,18.0,1.0,13.0,0.0,0.0,0.0,0.0,0.0,
110052.0,0,0.0,0.0,1.18989,1.0,5.0,2.0,5.0,0.0,4.0,18.0,2.0,14.0,0.0,0.0,1.0,0.0,0.0,
110057.0,0,0.0,0.0,1.1896,1.0,3.0,9.0,3.0,0.0,4.0,14.0,9.0,9.0,0.0,0.0,1.0,0.0,0.0,
110059.0,0,0.0,0.0,1.1896,1.0,3.0,9.0,3.0,0.0,4.0,15.0,9.0,9.0,0.0,0.0,1.0,0.0,0.0,
110060.0,0,0.0,0.0,1.1896,1.0,4.0,11.0,4.0,0.0,4.0,16.0,11.0,11.0,0.0,0.0,1.0,0.0,0.0,
110061.0,0,0.0,0.0,1.1896,1.0,3.0,9.0,3.0,1.0,1.0,15.0,9.0,9.0,1.0,0.0,0.0,0.0,0.0,
110066.0,0,0.0,0.0,1.1896,1.0,4.0,13.0,4.0,1.0,4.0,18.0,13.0,13.0,0.0,0.0,1.0,0.0,0.0,
110067.0,0,0.0,0.0,1.1896,1.0,3.0,9.0,3.0,0.0,4.0,15.0,9.0,9.0,0.0,0.0,1.0,0.0,0.0,
110068.0,0,0.0,0.0,1.18989,1.0,4.0,10.0,4.0,0.0,4.0,17.0,10.0,10.0,0.0,0.0,1.0,0.0,0.0,
110069.0,0,0.0,0.0,1.19004,1.0,5.0,1.0,5.0,0.0,5.0,18.0,1.0,13.0,0.0,0.0,0.0,1.0,0.0,
110070.0,0,0.0,0.0,1.19004,1.0,3.0,9.0,3.0,0.0,4.0,16.0,9.0,9.0,0.0,0.0,1.0,0.0,0.0,
110071.0,0,0.0,0.0,1.18978,1.0,4.0,11.0,4.0,0.0,2.0,17.0,11.0,11.0,0.0,1.0,0.0,0.0,0.0,
110072.0,0,0.0,0.0,1.18978,1.0,4.0,10.0,4.0,1.0,4.0,16.0,10.0,10.0,0.0,0.0,1.0,0.0,0.0,
110073.0,0,0.0,0.0,1.18946,1.0,3.0,9.0,3.0,1.0,4.0,15.0,9.0,9.0,0.0,0.0,1.0,0.0,0.0,
110074.0,0,0.0,0.0,1.18978,1.0,5.0,3.0,5.0,1.0,1.0,22.0,3.0,15.0,1.0,0.0,0.0,0.0,0.0,
110075.0,0,0.0,0.0,1.18978,1.0,4.0,10.0,4.0,0.0,1.0,17.0,10.0,10.0,1.0,0.0,0.0,0.0,0.0,
110076.0,0,0.0,0.0,1.18978,1.0,5.0,1.0,5.0,0.0,1.0,20.0,1.0,13.0,1.0,0.0,0.0,0.0,0.0,
110079.0,0,0.0,0.0,1.18989,1.0,4.0,11.0,4.0,0.0,2.0,21.0,11.0,11.0,0.0,1.0,0.0,0.0,0.0,
110080.0,0,0.0,0.0,1.18982,1.0,4.0,13.0,4.0,1.0,2.0,21.0,13.0,13.0,0.0,1.0,0.0,0.0,0.0,
110081.0,0,0.0,0.0,1.18982,1.0,3.0,9.0,3.0,0.0,2.0,18.0,9.0,9.0,0.0,1.0,0.0,0.0,0.0,
110082.0,0,0.0,0.0,1.18998,1.0,5.0,3.0,5.0,0.0,1.0,27.0,3.0,15.0,1.0,0.0,0.0,0.0,0.0,
110083.0,0,0.0,0.0,1.18998,1.0,5.0,1.0,5.0,0.0,2.0,17.0,1.0,13.0,0.0,1.0,0.0,0.0,0.0,
110084.0,0,0.0,0.0,1.18998,1.0,5.0,2.0,5.0,0.0,4.0,18.0,2.0,14.0,0.0,0.0,1.0,0.0,0.0,
110086.0,0,0.0,0.0,1.18982,1.0,3.0,9.0,3.0,0.0,2.0,15.0,9.0,9.0,0.0,1.0,0.0,0.0,0.0,
110087.0,0,0.0,0.0,1.19004,1.0,4.0,10.0,4.0,1.0,1.0,17.0,10.0,10.0,1.0,0.0,0.0,0.0,0.0,
110088.0,0,0.0,0.0,1.19004,1.0,4.0,11.0,4.0,0.0,1.0,16.0,11.0,11.0,1.0,0.0,0.0,0.0,0.0,
110089.0,0,0.0,0.0,1.19004,1.0,4.0,10.0,4.0,1.0,4.0,16.0,10.0,10.0,0.0,0.0,1.0,0.0,0.0,
110091.0,0,0.0,0.0,1.18989,1.0,4.0,12.0,4.0,1.0,5.0,16.0,12.0,12.0,0.0,0.0,0.0,1.0,0.0,
110092.0,0,0.0,0.0,1.18998,1.0,5.0,1.0,5.0,1.0,4.0,17.0,1.0,13.0,0.0,0.0,1.0,0.0,0.0,
110093.0,0,0.0,0.0,1.18998,1.0,5.0,2.0,5.0,0.0,4.0,19.0,2.0,14.0,0.0,0.0,1.0,0.0,0.0,
110094.0,0,0.0,0.0,1.18998,1.0,3.0,9.0,3.0,0.0,4.0,18.0,9.0,9.0,0.0,0.0,1.0,0.0,0.0,
110095.0,0,0.0,0.0,1.18998,1.0,4.0,10.0,4.0,1.0,1.0,15.0,10.0,10.0,1.0,0.0,0.0,0.0,0.0,
110096.0,0,0.0,0.0,1.18998,1.0,4.0,10.0,4.0,0.0,4.0,15.0,10.0,10.0,0.0,0.0,1.0,0.0,0.0,
110097.0,0,0.0,0.0,1.18998,1.0,3.0,9.0,3.0,0.0,3.0,15.0,9.0,9.0,0.0,0.0,0.0,0.0,0.0,
110098.0,0,0.0,0.0,1.18998,1.0,5.0,1.0,5.0,1.0,1.0,18.0,1.0,13.0,1.0,0.0,0.0,0.0,0.0,
110099.0,0,0.0,0.0,1.18998,1.0,5.0,3.0,5.0,0.0,1.0,24.0,3.0,15.0,1.0,0.0,0.0,0.0,0.0,
110100.0,0,0.0,0.0,1.19004,1.0,4.0,10.0,4.0,1.0,4.0,15.0,10.0,10.0,0.0,0.0,1.0,0.0,0.0,
110101.0,0,0.0,0.0,1.19004,1.0,5.0,5.0,5.0,1.0,4.0,21.0,5.0,17.0,0.0,0.0,1.0,0.0,0.0,
110102.0,0,0.0,0.0,1.19004,1.0,4.0,10.0,4.0,1.0,1.0,16.0,10.0,10.0,1.0,0.0,0.0,0.0,0.0,
110104.0,0,0.0,0.0,1.19004,1.0,5.0,4.0,5.0,1.0,1.0,19.0,4.0,16.0,1.0,0.0,0.0,0.0,0.0,
110105.0,0,0.0,0.0,1.19011,1.0,5.0,2.0,5.0,1.0,2.0,18.0,2.0,14.0,0.0,1.0,0.0,0.0,0.0,
110106.0,0,0.0,0.0,1.19011,1.0,4.0,10.0,4.0,0.0,4.0,15.0,10.0,10.0,0.0,0.0,1.0,0.0,0.0,
110107.0,0,0.0,0.0,1.19011,1.0,4.0,12.0,4.0,1.0,4.0,17.0,12.0,12.0,0.0,0.0,1.0,0.0,0.0,
110108.0,0,0.0,0.0,1.19011,1.0,4.0,10.0,4.0,0.0,3.0,16.0,10.0,10.0,0.0,0.0,0.0,0.0,0.0,
110109.0,0,0.0,0.0,1.19011,1.0,4.0,10.0,4.0,0.0,3.0,17.0,10.0,10.0,0.0,0.0,0.0,0.0,0.0,
110110.0,0,0.0,0.0,1.19011,1.0,5.0,1.0,5.0,1.0,4.0,16.0,1.0,13.0,0.0,0.0,1.0,0.0,0.0,
110112.0,0,0.0,0.0,1.19011,1.0,6.0,2.0,6.0,1.0,3.0,18.0,2.0,14.0,0.0,0.0,0.0,0.0,0.0,
110113.0,0,0.0,0.0,1.19011,1.0,5.0,2.0,5.0,0.0,2.0,18.0,2.0,14.0,0.0,1.0,0.0,0.0,0.0,
110115.0,0,0.0,0.0,1.19011,1.0,5.0,3.0,5.0,1.0,4.0,19.0,3.0,15.0,0.0,0.0,1.0,0.0,0.0,
110116.0,0,0.0,0.0,1.19015,1.0,4.0,10.0,4.0,0.0,1.0,17.0,10.0,10.0,1.0,0.0,0.0,0.0,0.0,
110118.0,0,0.0,0.0,1.19023,1.0,4.0,11.0,4.0,0.0,5.0,17.0,11.0,11.0,0.0,0.0,0.0,1.0,0.0,
110119.0,0,0.0,0.0,1.19023,1.0,3.0,9.0,3.0,0.0,4.0,15.0,9.0,9.0,0.0,0.0,1.0,0.0,0.0,
110120.0,0,0.0,0.0,1.19023,1.0,5.0,1.0,5.0,1.0,4.0,18.0,1.0,13.0,0.0,0.0,1.0,0.0,0.0,
110121.0,0,0.0,0.0,1.19023,1.0,4.0,12.0,4.0,0.0,2.0,20.0,12.0,12.0,0.0,1.0,0.0,0.0,0.0,
110122.0,0,0.0,0.0,1.19015,1.0,4.0,11.0,4.0,1.0,4.0,15.0,11.0,11.0,0.0,0.0,1.0,0.0,0.0,
110123.0,0,0.0,0.0,1.19015,1.0,5.0,1.0,5.0,1.0,2.0,18.0,1.0,13.0,0.0,1.0,0.0,0.0,0.0,
110125.0,0,0.0,0.0,1.19023,1.0,5.0,1.0,5.0,0.0,4.0,22.0,1.0,13.0,0.0,0.0,1.0,0.0,0.0,
110126.0,0,0.0,0.0,1.19023,1.0,3.0,9.0,3.0,1.0,1.0,15.0,9.0,9.0,1.0,0.0,0.0,0.0,0.0,
110127.0,0,0.0,0.0,1.19023,1.0,4.0,10.0,4.0,0.0,4.0,20.0,10.0,10.0,0.0,0.0,1.0,0.0,0.0,
120026.0,0,0.0,0.0,2.18949,1.0,5.0,2.0,5.0,0.0,2.0,20.0,2.0,14.0,0.0,1.0,0.0,0.0,0.0,
120031.0,0,0.0,0.0,2.18949,1.0,4.0,11.0,4.0,0.0,1.0,17.0,11.0,11.0,1.0,0.0,0.0,0.0,0.0,
120032.0,0,0.0,0.0,2.18949,1.0,5.0,2.0,5.0,0.0,1.0,21.0,2.0,14.0,1.0,0.0,0.0,0.0,0.0,
120035.0,0,0.0,0.0,2.18949,1.0,4.0,10.0,4.0,0.0,4.0,16.0,10.0,10.0,0.0,0.0,1.0,0.0,0.0,
120036.0,0,0.0,0.0,2.18973,1.0,6.0,1.0,6.0,0.0,1.0,17.0,1.0,13.0,1.0,0.0,0.0,0.0,0.0,
120037.0,0,0.0,0.0,2.18973,1.0,3.0,9.0,3.0,1.0,4.0,15.0,9.0,9.0,0.0,0.0,1.0,0.0,0.0,
120038.0,0,0.0,0.0,2.18973,1.0,3.0,9.0,3.0,0.0,4.0,19.0,9.0,9.0,0.0,0.0,1.0,0.0,0.0,
120045.0,0,0.0,0.0,3.18939,1.0,3.0,9.0,3.0,1.0,2.0,15.0,9.0,9.0,0.0,1.0,0.0,0.0,0.0,
120047.0,0,0.0,0.0,3.18939,1.0,4.0,11.0,4.0,1.0,4.0,17.0,11.0,11.0,0.0,0.0,1.0,0.0,0.0,
120048.0,0,0.0,0.0,2.18949,1.0,4.0,13.0,4.0,0.0,4.0,20.0,13.0,13.0,0.0,0.0,1.0,0.0,0.0,
120049.0,0,0.0,0.0,2.18949,1.0,5.0,2.0,5.0,0.0,1.0,22.0,2.0,14.0,1.0,0.0,0.0,0.0,0.0,
120050.0,0,0.0,0.0,2.18953,1.0,3.0,9.0,3.0,1.0,4.0,17.0,9.0,9.0,0.0,0.0,1.0,0.0,0.0,
120051.0,0,0.0,0.0,3.1894,1.0,5.0,2.0,5.0,1.0,2.0,23.0,2.0,14.0,0.0,1.0,0.0,0.0,0.0,
120052.0,0,0.0,0.0,2.18973,1.0,4.0,10.0,4.0,0.0,2.0,19.0,10.0,10.0,0.0,1.0,0.0,0.0,0.0,
120053.0,0,0.0,0.0,2.18961,1.0,4.0,10.0,4.0,0.0,1.0,17.0,10.0,10.0,1.0,0.0,0.0,0.0,0.0,
120054.0,0,0.0,0.0,2.18961,1.0,3.0,9.0,3.0,0.0,2.0,18.0,9.0,9.0,0.0,1.0,0.0,0.0,0.0,
120055.0,0,0.0,0.0,2.18961,1.0,5.0,3.0,5.0,0.0,4.0,19.0,3.0,15.0,0.0,0.0,1.0,0.0,0.0,
120056.0,0,0.0,0.0,2.18961,1.0,3.0,9.0,3.0,1.0,4.0,11.0,9.0,9.0,0.0,0.0,1.0,0.0,0.0,
120058.0,0,0.0,0.0,2.1894,1.0,5.0,1.0,5.0,0.0,1.0,18.0,1.0,13.0,1.0,0.0,0.0,0.0,0.0,
120059.0,0,0.0,0.0,2.1894,1.0,3.0,9.0,3.0,1.0,4.0,15.0,9.0,9.0,0.0,0.0,1.0,0.0,0.0,
120060.0,0,0.0,0.0,2.1894,1.0,4.0,10.0,4.0,1.0,4.0,16.0,10.0,10.0,0.0,0.0,1.0,0.0,0.0,
120061.0,0,0.0,0.0,2.18961,1.0,5.0,5.0,5.0,0.0,1.0,17.0,5.0,17.0,1.0,0.0,0.0,0.0,0.0,
120063.0,0,0.0,0.0,2.1894,1.0,4.0,13.0,4.0,1.0,4.0,17.0,13.0,13.0,0.0,0.0,1.0,0.0,0.0,
120064.0,0,0.0,0.0,2.1894,1.0,4.0,13.0,4.0,1.0,1.0,16.0,13.0,13.0,1.0,0.0,0.0,0.0,0.0,
120065.0,0,0.0,0.0,2.1894,1.0,3.0,9.0,3.0,1.0,1.0,16.0,9.0,9.0,1.0,0.0,0.0,0.0,0.0,
120067.0,0,0.0,0.0,2.1894,1.0,3.0,9.0,3.0,0.0,1.0,16.0,9.0,9.0,1.0,0.0,0.0,0.0,0.0,
120068.0,0,0.0,0.0,2.18953,1.0,3.0,9.0,3.0,1.0,2.0,20.0,9.0,9.0,0.0,1.0,0.0,0.0,0.0,
120070.0,0,0.0,0.0,2.18945,1.0,5.0,2.0,5.0,1.0,1.0,31.0,2.0,14.0,0.0,0.0,0.0,0.0,0.0,
120071.0,0,0.0,0.0,2.18945,1.0,3.0,9.0,3.0,0.0,2.0,18.0,9.0,9.0,0.0,1.0,0.0,0.0,0.0,
120072.0,0,0.0,0.0,2.18945,1.0,4.0,11.0,4.0,1.0,5.0,21.0,11.0,11.0,0.0,0.0,0.0,1.0,0.0,
120073.0,0,0.0,0.0,2.18945,1.0,3.0,9.0,3.0,1.0,4.0,16.0,9.0,9.0,0.0,0.0,1.0,0.0,0.0,
120074.0,0,0.0,0.0,2.18945,1.0,5.0,2.0,5.0,1.0,3.0,19.0,2.0,14.0,0.0,0.0,0.0,0.0,0.0,
120075.0,0,0.0,0.0,2.18945,1.0,4.0,10.0,4.0,1.0,1.0,19.0,10.0,10.0,1.0,0.0,0.0,0.0,0.0,
120076.0,0,0.0,0.0,2.18945,1.0,5.0,5.0,5.0,1.0,1.0,17.0,5.0,17.0,1.0,0.0,0.0,0.0,0.0,
120077.0,0,0.0,0.0,2.18945,1.0,5.0,1.0,5.0,0.0,1.0,18.0,1.0,13.0,1.0,0.0,0.0,0.0,0.0,
120078.0,0,0.0,0.0,2.18945,1.0,3.0,9.0,3.0,0.0,1.0,16.0,9.0,9.0,1.0,0.0,0.0,0.0,0.0,
120079.0,0,0.0,0.0,2.18945,1.0,4.0,10.0,4.0,1.0,1.0,16.0,10.0,10.0,0.0,0.0,0.0,0.0,0.0,
120080.0,0,0.0,0.0,2.18945,1.0,5.0,5.0,5.0,0.0,2.0,27.0,5.0,17.0,0.0,1.0,0.0,0.0,0.0,
120081.0,0,0.0,0.0,2.18949,1.0,3.0,9.0,3.0,1.0,5.0,17.0,9.0,9.0,0.0,0.0,0.0,1.0,0.0,
120082.0,0,0.0,0.0,2.18953,1.0,3.0,9.0,3.0,1.0,2.0,15.0,9.0,9.0,0.0,1.0,0.0,0.0,0.0,
120083.0,0,0.0,0.0,2.18953,1.0,4.0,13.0,4.0,1.0,4.0,16.0,13.0,13.0,0.0,0.0,1.0,0.0,0.0,
120085.0,0,0.0,0.0,2.18961,1.0,4.0,13.0,4.0,0.0,2.0,21.0,13.0,13.0,0.0,1.0,0.0,0.0,0.0,
120086.0,0,0.0,0.0,2.18961,1.0,3.0,9.0,3.0,1.0,4.0,15.0,9.0,9.0,0.0,0.0,1.0,0.0,0.0,
120087.0,0,0.0,0.0,2.18961,1.0,4.0,12.0,4.0,1.0,1.0,17.0,12.0,12.0,1.0,0.0,0.0,0.0,0.0,
120088.0,0,0.0,0.0,2.18961,1.0,4.0,12.0,4.0,1.0,7.0,19.0,12.0,12.0,0.0,0.0,0.0,0.0,0.0,
120089.0,0,0.0,0.0,2.18954,1.0,3.0,9.0,3.0,1.0,1.0,16.0,9.0,9.0,1.0,0.0,0.0,0.0,0.0,
120090.0,0,0.0,0.0,2.18954,1.0,4.0,11.0,4.0,0.0,5.0,16.0,11.0,11.0,0.0,0.0,0.0,1.0,0.0,
120091.0,0,0.0,0.0,2.18954,1.0,4.0,13.0,4.0,1.0,2.0,23.0,13.0,13.0,0.0,1.0,0.0,0.0,0.0,
120092.0,0,0.0,0.0,2.18954,1.0,4.0,11.0,4.0,1.0,2.0,17.0,11.0,11.0,0.0,1.0,0.0,0.0,0.0,
120094.0,0,0.0,0.0,2.18959,1.0,4.0,11.0,4.0,1.0,4.0,16.0,11.0,11.0,0.0,0.0,1.0,0.0,0.0,
120095.0,0,0.0,0.0,2.18959,1.0,5.0,1.0,5.0,1.0,2.0,21.0,1.0,13.0,0.0,1.0,0.0,0.0,0.0,
120096.0,0,0.0,0.0,2.18959,1.0,5.0,2.0,5.0,1.0,2.0,21.0,2.0,14.0,0.0,1.0,0.0,0.0,0.0,
120097.0,0,0.0,0.0,2.18959,1.0,4.0,10.0,4.0,1.0,4.0,15.0,10.0,10.0,0.0,0.0,1.0,0.0,0.0,
120098.0,0,0.0,0.0,2.18959,1.0,4.0,12.0,4.0,0.0,2.0,18.0,12.0,12.0,0.0,1.0,0.0,0.0,0.0,
120099.0,0,0.0,0.0,2.18961,1.0,4.0,12.0,4.0,1.0,1.0,16.0,12.0,12.0,1.0,0.0,0.0,0.0,0.0,
120100.0,0,0.0,0.0,2.18961,1.0,4.0,12.0,4.0,1.0,5.0,18.0,12.0,12.0,0.0,0.0,0.0,1.0,0.0,
120101.0,0,0.0,0.0,2.18961,1.0,4.0,10.0,4.0,0.0,4.0,16.0,10.0,10.0,0.0,0.0,1.0,0.0,0.0,
120102.0,0,0.0,0.0,2.18973,1.0,4.0,12.0,4.0,1.0,4.0,16.0,12.0,12.0,0.0,0.0,1.0,0.0,0.0,
120104.0,0,0.0,0.0,2.18973,1.0,4.0,13.0,4.0,0.0,8.0,17.0,13.0,13.0,0.0,0.0,0.0,0.0,0.0,
120105.0,0,0.0,0.0,2.18973,1.0,6.0,3.0,6.0,1.0,2.0,23.0,3.0,15.0,0.0,1.0,0.0,0.0,0.0,
120106.0,0,0.0,0.0,2.18973,1.0,4.0,10.0,4.0,0.0,2.0,17.0,10.0,10.0,0.0,1.0,0.0,0.0,0.0,
120107.0,0,0.0,0.0,2.18973,1.0,3.0,9.0,3.0,1.0,4.0,17.0,9.0,9.0,0.0,0.0,1.0,0.0,0.0,
120108.0,0,0.0,0.0,2.18973,1.0,4.0,12.0,4.0,0.0,4.0,15.0,12.0,12.0,0.0,0.0,1.0,0.0,0.0,
120109.0,0,0.0,0.0,2.18968,1.0,5.0,2.0,5.0,1.0,1.0,18.0,2.0,14.0,1.0,0.0,0.0,0.0,0.0,
120110.0,0,0.0,0.0,2.18968,1.0,4.0,10.0,4.0,0.0,1.0,17.0,10.0,10.0,1.0,0.0,0.0,0.0,0.0,
120112.0,0,0.0,0.0,2.18968,1.0,3.0,9.0,3.0,0.0,2.0,13.0,9.0,9.0,0.0,1.0,0.0,0.0,0.0,
120114.0,0,0.0,0.0,2.18968,1.0,4.0,11.0,4.0,1.0,4.0,18.0,11.0,11.0,0.0,0.0,1.0,0.0,0.0,
120115.0,0,0.0,0.0,2.18968,1.0,4.0,10.0,4.0,0.0,1.0,17.0,10.0,10.0,1.0,0.0,0.0,0.0,0.0,
120116.0,0,0.0,0.0,2.18968,1.0,4.0,10.0,4.0,1.0,1.0,17.0,10.0,10.0,1.0,0.0,0.0,0.0,0.0,
120122.0,0,0.0,0.0,2.1898,1.0,4.0,11.0,4.0,1.0,4.0,16.0,11.0,11.0,0.0,0.0,1.0,0.0,0.0,
120124.0,0,0.0,0.0,2.1898,1.0,4.0,10.0,4.0,0.0,5.0,15.0,10.0,10.0,0.0,0.0,0.0,1.0,0.0,
120125.0,0,0.0,0.0,2.1898,1.0,3.0,9.0,3.0,0.0,5.0,14.0,9.0,9.0,0.0,0.0,0.0,1.0,0.0,
120126.0,0,0.0,0.0,2.1898,1.0,3.0,9.0,3.0,0.0,4.0,16.0,9.0,9.0,0.0,0.0,1.0,0.0,0.0,
120127.0,0,0.0,0.0,2.1898,1.0,4.0,10.0,4.0,1.0,2.0,20.0,10.0,10.0,0.0,1.0,0.0,0.0,0.0,
120128.0,0,0.0,0.0,2.1898,1.0,4.0,10.0,4.0,1.0,1.0,18.0,10.0,10.0,1.0,0.0,0.0,0.0,0.0,
120129.0,0,0.0,0.0,2.1898,1.0,4.0,10.0,4.0,1.0,1.0,19.0,10.0,10.0,0.0,0.0,0.0,0.0,0.0,
120130.0,0,0.0,0.0,2.1898,1.0,4.0,10.0,4.0,1.0,4.0,15.0,10.0,10.0,0.0,0.0,1.0,0.0,0.0,
120131.0,0,0.0,0.0,2.1898,1.0,4.0,10.0,4.0,1.0,4.0,16.0,10.0,10.0,0.0,0.0,1.0,0.0,0.0,
120132.0,0,0.0,0.0,2.18996,1.0,3.0,9.0,3.0,0.0,4.0,15.0,9.0,9.0,0.0,0.0,1.0,0.0,0.0,
120133.0,0,0.0,0.0,2.18977,1.0,5.0,4.0,5.0,0.0,6.0,40.0,4.0,16.0,0.0,0.0,0.0,0.0,0.0,
120134.0,0,0.0,0.0,2.18977,1.0,3.0,9.0,3.0,1.0,2.0,19.0,9.0,9.0,0.0,1.0,0.0,0.0,0.0,
120135.0,0,0.0,0.0,2.18977,1.0,3.0,9.0,3.0,1.0,1.0,14.0,9.0,9.0,1.0,0.0,0.0,0.0,0.0,
120136.0,0,0.0,0.0,2.18989,1.0,4.0,11.0,4.0,0.0,5.0,17.0,11.0,11.0,0.0,0.0,0.0,1.0,0.0,
120137.0,0,0.0,0.0,2.18989,1.0,5.0,1.0,5.0,1.0,2.0,18.0,1.0,13.0,0.0,1.0,0.0,0.0,0.0,
120138.0,0,0.0,0.0,2.18989,1.0,5.0,4.0,5.0,0.0,2.0,22.0,4.0,16.0,0.0,1.0,0.0,0.0,0.0,
120139.0,0,0.0,0.0,2.18977,1.0,4.0,10.0,4.0,1.0,4.0,16.0,10.0,10.0,0.0,0.0,1.0,0.0,0.0,
120140.0,0,0.0,0.0,2.18977,1.0,4.0,10.0,4.0,0.0,2.0,16.0,10.0,10.0,0.0,1.0,0.0,0.0,0.0,
120141.0,0,0.0,0.0,2.18977,1.0,4.0,10.0,4.0,0.0,2.0,16.0,10.0,10.0,0.0,1.0,0.0,0.0,0.0,
120142.0,0,0.0,0.0,2.18977,1.0,5.0,2.0,5.0,0.0,1.0,19.0,2.0,14.0,0.0,0.0,0.0,0.0,0.0,
120143.0,0,0.0,0.0,2.1899,1.0,4.0,12.0,4.0,1.0,2.0,17.0,12.0,12.0,0.0,1.0,0.0,0.0,0.0,
120144.0,0,0.0,0.0,2.18989,1.0,5.0,2.0,5.0,1.0,4.0,22.0,2.0,14.0,0.0,0.0,1.0,0.0,0.0,
120145.0,0,0.0,0.0,2.18989,1.0,5.0,1.0,5.0,1.0,4.0,17.0,1.0,13.0,0.0,0.0,1.0,0.0,0.0,
120146.0,0,0.0,0.0,2.18982,1.0,3.0,9.0,3.0,0.0,4.0,15.0,9.0,9.0,0.0,0.0,1.0,0.0,0.0,
120147.0,0,0.0,0.0,2.18982,1.0,4.0,13.0,4.0,1.0,4.0,18.0,13.0,13.0,0.0,0.0,1.0,0.0,0.0,
120148.0,0,0.0,0.0,2.18982,1.0,5.0,1.0,5.0,1.0,4.0,18.0,1.0,13.0,0.0,0.0,1.0,0.0,0.0,
120150.0,0,0.0,0.0,2.18996,1.0,4.0,13.0,4.0,0.0,3.0,17.0,13.0,13.0,0.0,0.0,0.0,0.0,0.0,
120152.0,0,0.0,0.0,2.18982,1.0,4.0,12.0,4.0,1.0,2.0,17.0,12.0,12.0,0.0,1.0,0.0,0.0,0.0,
120153.0,0,0.0,0.0,2.18982,1.0,5.0,1.0,5.0,1.0,4.0,19.0,1.0,13.0,0.0,0.0,1.0,0.0,0.0,
120154.0,0,0.0,0.0,2.18982,1.0,4.0,12.0,4.0,1.0,4.0,18.0,12.0,12.0,0.0,0.0,1.0,0.0,0.0,
120155.0,0,0.0,0.0,2.18982,1.0,5.0,1.0,5.0,1.0,4.0,19.0,1.0,13.0,0.0,0.0,1.0,0.0,0.0,
120156.0,0,0.0,0.0,2.18982,1.0,5.0,1.0,5.0,0.0,5.0,16.0,1.0,13.0,0.0,0.0,0.0,1.0,0.0,
120157.0,0,0.0,0.0,2.18982,1.0,4.0,12.0,4.0,1.0,4.0,16.0,12.0,12.0,0.0,0.0,1.0,0.0,0.0,
120158.0,0,0.0,0.0,2.18989,1.0,4.0,13.0,4.0,1.0,4.0,18.0,13.0,13.0,0.0,0.0,1.0,0.0,0.0,
120160.0,0,0.0,0.0,2.18989,1.0,5.0,3.0,5.0,1.0,1.0,20.0,3.0,15.0,1.0,0.0,0.0,0.0,0.0,
120161.0,0,0.0,0.0,2.18989,1.0,4.0,12.0,4.0,0.0,1.0,16.0,12.0,12.0,1.0,0.0,0.0,0.0,0.0,
120162.0,0,0.0,0.0,2.18989,1.0,4.0,12.0,4.0,0.0,4.0,19.0,12.0,12.0,0.0,0.0,1.0,0.0,0.0,
120163.0,0,0.0,0.0,2.18989,1.0,4.0,12.0,4.0,1.0,1.0,16.0,12.0,12.0,1.0,0.0,0.0,0.0,0.0,
120164.0,0,0.0,0.0,2.1899,1.0,5.0,2.0,5.0,0.0,5.0,20.0,2.0,14.0,0.0,0.0,0.0,1.0,0.0,
120165.0,0,0.0,0.0,2.1899,1.0,4.0,13.0,4.0,1.0,2.0,23.0,13.0,13.0,0.0,1.0,0.0,0.0,0.0,
120166.0,0,0.0,0.0,2.1899,1.0,4.0,13.0,4.0,1.0,1.0,17.0,13.0,13.0,1.0,0.0,0.0,0.0,0.0,
120167.0,0,0.0,0.0,2.1899,1.0,4.0,13.0,4.0,1.0,4.0,19.0,13.0,13.0,0.0,0.0,1.0,0.0,0.0,
120168.0,0,0.0,0.0,2.1899,1.0,4.0,10.0,4.0,0.0,5.0,17.0,10.0,10.0,0.0,0.0,0.0,1.0,0.0,
120169.0,0,0.0,0.0,2.1899,1.0,4.0,12.0,4.0,1.0,2.0,23.0,12.0,12.0,0.0,1.0,0.0,0.0,0.0,
120170.0,0,0.0,0.0,2.1899,1.0,4.0,12.0,4.0,1.0,1.0,16.0,12.0,12.0,1.0,0.0,0.0,0.0,0.0,
120171.0,0,0.0,0.0,2.1899,1.0,5.0,2.0,5.0,0.0,5.0,19.0,2.0,14.0,0.0,0.0,0.0,1.0,0.0,
120172.0,0,0.0,0.0,2.19008,1.0,4.0,13.0,4.0,0.0,2.0,17.0,13.0,13.0,0.0,1.0,0.0,0.0,0.0,
120173.0,0,0.0,0.0,2.19002,1.0,4.0,11.0,4.0,1.0,2.0,17.0,11.0,11.0,0.0,1.0,0.0,0.0,0.0,
120174.0,0,0.0,0.0,2.19008,1.0,4.0,12.0,4.0,1.0,1.0,17.0,12.0,12.0,1.0,0.0,0.0,0.0,0.0,
120175.0,0,0.0,0.0,2.18996,1.0,4.0,10.0,4.0,1.0,1.0,17.0,10.0,10.0,1.0,0.0,0.0,0.0,0.0,
120176.0,0,0.0,0.0,2.18996,1.0,4.0,10.0,4.0,0.0,5.0,16.0,10.0,10.0,0.0,0.0,0.0,1.0,0.0,
120177.0,0,0.0,0.0,2.18996,1.0,3.0,9.0,3.0,0.0,1.0,17.0,9.0,9.0,1.0,0.0,0.0,0.0,0.0,
120178.0,0,0.0,0.0,2.18996,1.0,4.0,13.0,4.0,0.0,5.0,17.0,13.0,13.0,0.0,0.0,0.0,1.0,0.0,
120179.0,0,0.0,0.0,2.18996,1.0,4.0,13.0,4.0,0.0,4.0,21.0,13.0,13.0,0.0,0.0,1.0,0.0,0.0,
120180.0,0,0.0,0.0,2.18998,1.0,4.0,10.0,4.0,1.0,1.0,15.0,10.0,10.0,1.0,0.0,0.0,0.0,0.0,
120182.0,0,0.0,0.0,2.19012,1.0,4.0,10.0,4.0,1.0,4.0,16.0,10.0,10.0,0.0,0.0,1.0,0.0,0.0,
120183.0,0,0.0,0.0,2.19012,1.0,5.0,2.0,5.0,1.0,6.0,20.0,2.0,14.0,0.0,0.0,0.0,0.0,0.0,
120184.0,0,0.0,0.0,2.19012,1.0,5.0,1.0,5.0,0.0,5.0,18.0,1.0,13.0,0.0,0.0,0.0,1.0,0.0,
120185.0,0,0.0,0.0,2.18998,1.0,4.0,10.0,4.0,1.0,2.0,16.0,10.0,10.0,0.0,1.0,0.0,0.0,0.0,
120186.0,0,0.0,0.0,2.18998,1.0,4.0,10.0,4.0,0.0,4.0,17.0,10.0,10.0,0.0,0.0,1.0,0.0,0.0,
120187.0,0,0.0,0.0,2.18998,1.0,5.0,1.0,5.0,1.0,5.0,18.0,1.0,13.0,0.0,0.0,0.0,1.0,0.0,
120188.0,0,0.0,0.0,2.18998,1.0,5.0,1.0,5.0,1.0,4.0,17.0,1.0,13.0,0.0,0.0,1.0,0.0,0.0,
120189.0,0,0.0,0.0,2.18998,1.0,5.0,3.0,5.0,1.0,5.0,20.0,3.0,15.0,0.0,0.0,0.0,1.0,0.0,
120190.0,0,0.0,0.0,2.19008,1.0,4.0,10.0,4.0,0.0,1.0,19.0,10.0,10.0,1.0,0.0,0.0,0.0,0.0,
120191.0,0,0.0,0.0,2.19008,1.0,5.0,2.0,5.0,1.0,2.0,22.0,2.0,14.0,0.0,1.0,0.0,0.0,0.0,
120193.0,0,0.0,0.0,2.19024,1.0,4.0,11.0,4.0,1.0,8.0,16.0,11.0,11.0,0.0,0.0,0.0,0.0,0.0,
120194.0,0,0.0,0.0,2.19024,1.0,5.0,4.0,5.0,0.0,2.0,22.0,4.0,16.0,0.0,1.0,0.0,0.0,0.0,
120195.0,0,0.0,0.0,2.19002,1.0,5.0,2.0,5.0,0.0,5.0,22.0,2.0,14.0,0.0,0.0,0.0,1.0,0.0,
120197.0,0,0.0,0.0,2.19002,1.0,4.0,10.0,4.0,0.0,1.0,15.0,10.0,10.0,1.0,0.0,0.0,0.0,0.0,
120198.0,0,0.0,0.0,2.19002,1.0,5.0,5.0,5.0,0.0,1.0,22.0,5.0,17.0,1.0,0.0,0.0,0.0,0.0,
120199.0,0,0.0,0.0,2.19002,1.0,4.0,11.0,4.0,1.0,2.0,18.0,11.0,11.0,0.0,1.0,0.0,0.0,0.0,
120200.0,0,0.0,0.0,2.19008,1.0,4.0,11.0,4.0,1.0,1.0,16.0,11.0,11.0,1.0,0.0,0.0,0.0,0.0,
120202.0,0,0.0,0.0,2.19008,1.0,4.0,10.0,4.0,0.0,1.0,16.0,10.0,10.0,1.0,0.0,0.0,0.0,0.0,
120203.0,0,0.0,0.0,2.19008,1.0,4.0,10.0,4.0,0.0,1.0,16.0,10.0,10.0,1.0,0.0,0.0,0.0,0.0,
120204.0,0,0.0,0.0,2.19008,1.0,4.0,13.0,4.0,0.0,9.0,19.0,13.0,13.0,0.0,0.0,0.0,0.0,0.0,
120205.0,0,0.0,0.0,2.19002,1.0,4.0,10.0,4.0,1.0,1.0,15.0,10.0,10.0,1.0,0.0,0.0,0.0,0.0,
120206.0,0,0.0,0.0,2.19002,1.0,3.0,9.0,3.0,0.0,2.0,16.0,9.0,9.0,0.0,1.0,0.0,0.0,0.0,
120207.0,0,0.0,0.0,2.19002,1.0,5.0,2.0,5.0,1.0,4.0,18.0,2.0,14.0,0.0,0.0,1.0,0.0,0.0,
120208.0,0,0.0,0.0,2.19002,1.0,5.0,5.0,5.0,0.0,4.0,22.0,5.0,17.0,0.0,0.0,1.0,0.0,0.0,
120209.0,0,0.0,0.0,2.19002,1.0,5.0,2.0,5.0,1.0,1.0,21.0,2.0,14.0,1.0,0.0,0.0,0.0,0.0,
120210.0,0,0.0,0.0,2.19024,1.0,4.0,10.0,4.0,0.0,2.0,18.0,10.0,10.0,0.0,1.0,0.0,0.0,0.0,
120211.0,0,0.0,0.0,2.19024,1.0,4.0,10.0,4.0,0.0,5.0,14.0,10.0,10.0,0.0,0.0,0.0,1.0,0.0,
120212.0,0,0.0,0.0,2.19024,1.0,4.0,11.0,4.0,1.0,5.0,16.0,11.0,11.0,0.0,0.0,0.0,1.0,0.0,
120213.0,0,0.0,0.0,2.19012,1.0,4.0,11.0,4.0,0.0,5.0,17.0,11.0,11.0,0.0,0.0,0.0,1.0,0.0,
120214.0,0,0.0,0.0,2.19012,1.0,5.0,2.0,5.0,0.0,4.0,22.0,2.0,14.0,0.0,0.0,1.0,0.0,0.0,
120215.0,0,0.0,0.0,2.19012,1.0,3.0,9.0,3.0,1.0,1.0,16.0,9.0,9.0,1.0,0.0,0.0,0.0,0.0,
120216.0,0,0.0,0.0,2.19012,1.0,4.0,12.0,4.0,1.0,4.0,17.0,12.0,12.0,0.0,0.0,1.0,0.0,0.0,
120217.0,0,0.0,0.0,2.19012,1.0,5.0,4.0,5.0,1.0,4.0,19.0,4.0,16.0,0.0,0.0,1.0,0.0,0.0,
120218.0,0,0.0,0.0,2.19012,1.0,5.0,1.0,5.0,1.0,5.0,20.0,1.0,13.0,0.0,0.0,0.0,1.0,0.0,
120219.0,0,0.0,0.0,2.19016,1.0,4.0,11.0,4.0,0.0,4.0,17.0,11.0,11.0,0.0,0.0,1.0,0.0,0.0,
120220.0,0,0.0,0.0,2.19016,1.0,4.0,10.0,4.0,0.0,4.0,14.0,10.0,10.0,0.0,0.0,1.0,0.0,0.0,
120221.0,0,0.0,0.0,2.19016,1.0,4.0,10.0,4.0,0.0,2.0,18.0,10.0,10.0,0.0,1.0,0.0,0.0,0.0,
120222.0,0,0.0,0.0,2.19016,1.0,4.0,13.0,4.0,1.0,9.0,18.0,13.0,13.0,0.0,0.0,0.0,0.0,0.0,
120223.0,0,0.0,0.0,2.19016,1.0,6.0,2.0,6.0,1.0,2.0,20.0,2.0,14.0,0.0,1.0,0.0,0.0,0.0,
120224.0,0,0.0,0.0,2.19016,1.0,4.0,13.0,4.0,0.0,2.0,18.0,13.0,13.0,0.0,1.0,0.0,0.0,0.0,
120226.0,0,0.0,0.0,2.19016,1.0,3.0,9.0,3.0,0.0,4.0,16.0,9.0,9.0,0.0,0.0,1.0,0.0,0.0,
120227.0,0,0.0,0.0,2.19016,1.0,4.0,13.0,4.0,0.0,1.0,17.0,13.0,13.0,1.0,0.0,0.0,0.0,0.0,
120228.0,0,0.0,0.0,2.19016,1.0,4.0,11.0,4.0,0.0,4.0,16.0,11.0,11.0,0.0,0.0,1.0,0.0,0.0,
120230.0,0,0.0,0.0,2.19016,1.0,5.0,1.0,5.0,1.0,1.0,19.0,1.0,13.0,0.0,0.0,0.0,0.0,0.0,
120231.0,0,0.0,0.0,2.19019,1.0,5.0,2.0,5.0,1.0,1.0,19.0,2.0,14.0,1.0,0.0,0.0,0.0,0.0,
120232.0,0,0.0,0.0,2.19019,1.0,4.0,13.0,4.0,0.0,4.0,17.0,13.0,13.0,0.0,0.0,1.0,0.0,0.0,
120234.0,0,0.0,0.0,2.19019,1.0,3.0,9.0,3.0,1.0,4.0,16.0,9.0,9.0,0.0,0.0,1.0,0.0,0.0,
120235.0,0,0.0,0.0,2.19019,1.0,4.0,11.0,4.0,1.0,4.0,16.0,11.0,11.0,0.0,0.0,1.0,0.0,0.0,
120236.0,0,0.0,0.0,2.19019,1.0,4.0,10.0,4.0,1.0,4.0,16.0,10.0,10.0,0.0,0.0,1.0,0.0,0.0,
120237.0,0,0.0,0.0,2.19019,1.0,6.0,1.0,6.0,0.0,5.0,18.0,1.0,13.0,0.0,0.0,0.0,1.0,0.0,
120239.0,0,0.0,0.0,2.19019,1.0,6.0,1.0,6.0,0.0,4.0,17.0,1.0,13.0,0.0,0.0,1.0,0.0,0.0,
120240.0,0,0.0,0.0,2.19019,1.0,4.0,12.0,4.0,0.0,4.0,17.0,12.0,12.0,0.0,0.0,1.0,0.0,0.0,
120241.0,0,0.0,0.0,2.19024,1.0,4.0,13.0,4.0,1.0,5.0,20.0,13.0,13.0,0.0,0.0,0.0,1.0,0.0,
120242.0,0,0.0,0.0,2.19024,1.0,6.0,1.0,6.0,0.0,1.0,15.0,1.0,13.0,1.0,0.0,0.0,0.0,0.0,
120244.0,0,0.0,0.0,2.19024,1.0,5.0,3.0,5.0,1.0,5.0,22.0,3.0,15.0,0.0,0.0,0.0,1.0,0.0,
120245.0,0,0.0,0.0,2.19024,1.0,4.0,10.0,4.0,0.0,3.0,15.0,10.0,10.0,0.0,0.0,0.0,0.0,0.0,
120246.0,0,0.0,0.0,2.19024,1.0,4.0,10.0,4.0,1.0,4.0,18.0,10.0,10.0,0.0,0.0,1.0,0.0,0.0,
200008.0,2,0.0,0.0,1.18941,1.0,4.0,11.0,4.0,0.0,2.0,20.0,11.0,11.0,0.0,1.0,0.0,0.0,0.0,0.0
200010.0,2,0.0,0.0,1.18941,1.0,4.0,13.0,4.0,0.0,1.0,18.0,13.0,13.0,1.0,0.0,0.0,0.0,0.0,0.0
200017.0,3,0.0,0.0,1.18941,1.0,4.0,10.0,4.0,1.0,5.0,15.0,10.0,10.0,0.0,0.0,0.0,1.0,1.0,1.0
200022.0,2,0.0,0.0,1.18949,1.0,4.0,11.0,4.0,1.0,4.0,15.0,11.0,11.0,0.0,0.0,1.0,0.0,0.0,0.0
200026.0,3,0.0,0.0,1.18941,1.0,3.0,9.0,3.0,1.0,1.0,15.0,9.0,9.0,1.0,0.0,0.0,0.0,1.0,1.0
200027.0,1,0.0,0.0,1.18949,1.0,5.0,1.0,5.0,0.0,1.0,20.0,1.0,13.0,1.0,0.0,0.0,0.0,0.0,
200030.0,2,0.0,0.0,1.18941,1.0,5.0,1.0,5.0,1.0,2.0,29.0,1.0,13.0,0.0,1.0,0.0,0.0,0.0,0.0
200031.0,1,0.0,0.0,1.18949,1.0,5.0,3.0,5.0,0.0,1.0,22.0,3.0,15.0,1.0,0.0,0.0,0.0,0.0,
200032.0,2,0.0,0.0,1.18949,1.0,5.0,1.0,5.0,1.0,2.0,24.0,1.0,13.0,0.0,1.0,0.0,0.0,0.0,0.0
200033.0,3,0.0,0.0,1.18949,1.0,3.0,9.0,3.0,1.0,4.0,15.0,9.0,9.0,0.0,0.0,1.0,0.0,1.0,1.0
200036.0,3,0.0,0.0,1.18949,1.0,4.0,12.0,4.0,0.0,1.0,17.0,12.0,12.0,1.0,0.0,0.0,0.0,1.0,1.0
200038.0,2,0.0,0.0,1.18962,1.0,5.0,2.0,5.0,0.0,2.0,20.0,2.0,14.0,0.0,1.0,0.0,0.0,0.0,0.0
200039.0,3,0.0,0.0,1.18974,1.0,3.0,9.0,3.0,0.0,4.0,20.0,9.0,9.0,0.0,0.0,1.0,0.0,1.0,1.0
200041.0,3,375.0,500.0,1.18974,1.0,3.0,9.0,3.0,0.0,4.0,15.0,9.0,9.0,0.0,0.0,1.0,0.0,1.0,1.0
200042.0,1,0.0,0.0,1.18974,1.0,3.0,9.0,3.0,1.0,1.0,14.0,9.0,9.0,1.0,0.0,0.0,0.0,0.0,
200043.0,2,0.0,0.0,1.18997,1.0,4.0,10.0,4.0,0.0,4.0,17.0,10.0,10.0,0.0,0.0,1.0,0.0,0.0,0.0
200045.0,1,0.0,0.0,1.18997,1.0,4.0,10.0,4.0,0.0,4.0,14.0,10.0,10.0,0.0,0.0,1.0,0.0,0.0,
200048.0,2,0.0,0.0,1.18966,1.0,3.0,9.0,3.0,1.0,1.0,16.0,9.0,9.0,1.0,0.0,0.0,0.0,0.0,0.0
200049.0,2,0.0,0.0,1.18966,1.0,5.0,3.0,5.0,0.0,5.0,20.0,3.0,15.0,0.0,0.0,0.0,1.0,0.0,0.0
200050.0,3,375.0,500.0,1.18966,1.0,3.0,9.0,3.0,0.0,4.0,15.0,9.0,9.0,0.0,0.0,1.0,0.0,1.0,1.0
200052.0,1,0.0,0.0,1.18966,1.0,4.0,11.0,4.0,1.0,4.0,15.0,11.0,11.0,0.0,0.0,1.0,0.0,0.0,
200053.0,1,0.0,0.0,1.18966,1.0,4.0,10.0,4.0,0.0,2.0,17.0,10.0,10.0,0.0,1.0,0.0,0.0,0.0,
200054.0,3,0.0,0.0,1.18966,1.0,4.0,12.0,4.0,0.0,5.0,20.0,12.0,12.0,0.0,0.0,0.0,1.0,1.0,1.0
200055.0,3,0.0,0.0,1.18966,1.0,3.0,9.0,3.0,0.0,1.0,17.0,9.0,9.0,1.0,0.0,0.0,0.0,1.0,1.0
200056.0,2,0.0,0.0,1.18966,1.0,4.0,13.0,4.0,0.0,4.0,16.0,13.0,13.0,0.0,0.0,1.0,0.0,0.0,0.0
200057.0,2,0.0,0.0,1.18966,1.0,4.0,13.0,4.0,1.0,1.0,18.0,13.0,13.0,1.0,0.0,0.0,0.0,0.0,0.0
200058.0,1,0.0,0.0,1.18966,1.0,3.0,9.0,3.0,0.0,1.0,18.0,9.0,9.0,1.0,0.0,0.0,0.0,0.0,
200059.0,1,0.0,0.0,1.18966,1.0,4.0,12.0,4.0,0.0,1.0,19.0,12.0,12.0,1.0,0.0,0.0,0.0,0.0,
200060.0,3,0.0,0.0,1.19008,1.0,4.0,11.0,4.0,1.0,2.0,18.0,11.0,11.0,0.0,1.0,0.0,0.0,1.0,1.0
200061.0,2,0.0,0.0,1.19008,1.0,5.0,2.0,5.0,1.0,2.0,17.0,2.0,14.0,0.0,1.0,0.0,0.0,0.0,0.0
200063.0,1,0.0,0.0,1.18997,1.0,4.0,10.0,4.0,1.0,1.0,15.0,10.0,10.0,1.0,0.0,0.0,0.0,0.0,
200065.0,3,0.0,0.0,1.18997,1.0,4.0,12.0,4.0,0.0,4.0,17.0,12.0,12.0,0.0,0.0,1.0,0.0,1.0,1.0
200066.0,3,600.0,800.0,1.18997,1.0,5.0,3.0,5.0,1.0,4.0,20.0,3.0,15.0,0.0,0.0,1.0,0.0,1.0,1.0
200067.0,2,0.0,0.0,1.18997,1.0,4.0,12.0,4.0,0.0,1.0,17.0,12.0,12.0,1.0,0.0,0.0,0.0,0.0,0.0
200069.0,2,0.0,0.0,1.18997,1.0,3.0,9.0,3.0,1.0,5.0,16.0,9.0,9.0,0.0,0.0,0.0,1.0,0.0,0.0
200070.0,1,0.0,0.0,1.19008,1.0,4.0,11.0,4.0,0.0,1.0,17.0,11.0,11.0,1.0,0.0,0.0,0.0,0.0,
200071.0,3,0.0,0.0,1.19008,1.0,4.0,11.0,4.0,0.0,1.0,18.0,11.0,11.0,1.0,0.0,0.0,0.0,1.0,1.0
200072.0,1,0.0,0.0,1.19025,1.0,4.0,13.0,4.0,0.0,2.0,24.0,13.0,13.0,0.0,1.0,0.0,0.0,0.0,
200073.0,1,0.0,0.0,1.19025,1.0,6.0,4.0,6.0,1.0,4.0,19.0,4.0,16.0,0.0,0.0,1.0,0.0,0.0,
200074.0,2,0.0,0.0,1.19025,1.0,4.0,10.0,4.0,1.0,4.0,16.0,10.0,10.0,0.0,0.0,1.0,0.0,0.0,0.0
200077.0,3,0.0,0.0,1.19008,1.0,3.0,9.0,3.0,0.0,4.0,15.0,9.0,9.0,0.0,0.0,1.0,0.0,1.0,1.0
200078.0,3,0.0,0.0,1.19008,1.0,5.0,1.0,5.0,0.0,1.0,18.0,1.0,13.0,1.0,0.0,0.0,0.0,1.0,1.0
200080.0,3,0.0,0.0,1.19025,1.0,4.0,11.0,4.0,1.0,1.0,16.0,11.0,11.0,1.0,0.0,0.0,0.0,1.0,1.0
200088.0,1,0.0,0.0,1.1902,1.0,4.0,10.0,4.0,1.0,4.0,15.0,10.0,10.0,0.0,0.0,1.0,0.0,0.0,
200091.0,3,0.0,0.0,1.1902,1.0,4.0,12.0,4.0,0.0,1.0,17.0,12.0,12.0,0.0,0.0,0.0,0.0,1.0,1.0
200092.0,1,0.0,0.0,1.1902,1.0,4.0,12.0,4.0,0.0,4.0,17.0,12.0,12.0,0.0,0.0,1.0,0.0,0.0,
200093.0,1,0.0,0.0,1.1902,1.0,3.0,9.0,3.0,0.0,4.0,16.0,9.0,9.0,0.0,0.0,1.0,0.0,0.0,
200094.0,3,0.0,0.0,1.1902,1.0,5.0,2.0,5.0,0.0,2.0,25.0,2.0,14.0,0.0,1.0,0.0,0.0,1.0,1.0
200095.0,2,0.0,0.0,1.1902,1.0,5.0,3.0,5.0,0.0,4.0,22.0,3.0,15.0,0.0,0.0,1.0,0.0,0.0,0.0
200096.0,2,0.0,0.0,1.1902,1.0,5.0,2.0,5.0,0.0,1.0,20.0,2.0,14.0,0.0,0.0,0.0,0.0,0.0,0.0
200101.0,3,0.0,0.0,1.19025,1.0,4.0,11.0,4.0,1.0,4.0,17.0,11.0,11.0,0.0,0.0,1.0,0.0,1.0,1.0
200102.0,1,0.0,0.0,1.19025,1.0,3.0,9.0,3.0,0.0,5.0,18.0,9.0,9.0,0.0,0.0,0.0,1.0,0.0,
200103.0,1,0.0,0.0,1.19025,1.0,4.0,10.0,4.0,1.0,4.0,15.0,10.0,10.0,0.0,0.0,1.0,0.0,0.0,
200104.0,2,0.0,0.0,1.19025,1.0,6.0,1.0,6.0,0.0,4.0,20.0,1.0,13.0,0.0,0.0,1.0,0.0,0.0,0.0
200105.0,1,0.0,0.0,1.19025,1.0,3.0,9.0,3.0,1.0,4.0,15.0,9.0,9.0,0.0,0.0,1.0,0.0,0.0,
210006.0,1,0.0,0.0,1.18947,1.0,3.0,9.0,3.0,0.0,2.0,17.0,9.0,9.0,0.0,1.0,0.0,0.0,0.0,
210019.0,1,0.0,0.0,1.18947,1.0,4.0,10.0,4.0,0.0,4.0,17.0,10.0,10.0,0.0,0.0,1.0,0.0,0.0,
210020.0,3,0.0,0.0,1.18947,1.0,5.0,5.0,5.0,0.0,4.0,22.0,5.0,17.0,0.0,0.0,1.0,0.0,1.0,1.0
210028.0,3,0.0,0.0,1.18959,1.0,4.0,13.0,4.0,1.0,4.0,15.0,13.0,13.0,0.0,0.0,1.0,0.0,1.0,1.0
210031.0,1,0.0,0.0,1.18959,1.0,4.0,10.0,4.0,1.0,2.0,18.0,10.0,10.0,0.0,1.0,0.0,0.0,0.0,
210032.0,1,0.0,0.0,1.18959,1.0,5.0,2.0,5.0,0.0,3.0,19.0,2.0,14.0,0.0,0.0,0.0,0.0,0.0,
210036.0,3,0.0,0.0,1.18973,1.0,5.0,3.0,5.0,0.0,1.0,23.0,3.0,15.0,1.0,0.0,0.0,0.0,1.0,1.0
210037.0,3,0.0,0.0,1.18959,1.0,5.0,1.0,5.0,0.0,5.0,17.0,1.0,13.0,0.0,0.0,0.0,1.0,1.0,1.0
210038.0,1,0.0,0.0,1.18973,1.0,4.0,13.0,4.0,1.0,1.0,19.0,13.0,13.0,1.0,0.0,0.0,0.0,0.0,
210039.0,3,0.0,0.0,1.18973,1.0,4.0,10.0,4.0,0.0,4.0,16.0,10.0,10.0,0.0,0.0,1.0,0.0,1.0,1.0
210043.0,3,0.0,0.0,1.18973,1.0,4.0,12.0,4.0,1.0,1.0,18.0,12.0,12.0,1.0,0.0,0.0,0.0,1.0,1.0
210044.0,2,0.0,0.0,1.18959,1.0,5.0,1.0,5.0,0.0,5.0,22.0,1.0,13.0,0.0,0.0,0.0,1.0,0.0,0.0
210046.0,1,0.0,0.0,1.18959,1.0,5.0,2.0,5.0,1.0,4.0,22.0,2.0,14.0,0.0,0.0,1.0,0.0,0.0,
210048.0,2,0.0,0.0,1.18973,1.0,4.0,13.0,4.0,0.0,5.0,18.0,13.0,13.0,0.0,0.0,0.0,1.0,0.0,0.0
210049.0,3,0.0,0.0,1.18988,1.0,5.0,1.0,5.0,0.0,1.0,20.0,1.0,13.0,1.0,0.0,0.0,0.0,1.0,1.0
210050.0,1,0.0,0.0,1.18973,1.0,5.0,4.0,5.0,1.0,2.0,24.0,4.0,16.0,0.0,1.0,0.0,0.0,0.0,
210051.0,3,0.0,0.0,1.18973,1.0,4.0,12.0,4.0,0.0,4.0,19.0,12.0,12.0,0.0,0.0,1.0,0.0,1.0,1.0
210052.0,1,0.0,0.0,1.18988,1.0,4.0,10.0,4.0,1.0,4.0,16.0,10.0,10.0,0.0,0.0,1.0,0.0,0.0,
210053.0,2,0.0,0.0,1.18988,1.0,4.0,11.0,4.0,0.0,4.0,16.0,11.0,11.0,0.0,0.0,1.0,0.0,0.0,0.0
210058.0,3,1500.0,2000.0,1.18988,1.0,3.0,9.0,3.0,0.0,1.0,16.0,9.0,9.0,1.0,0.0,0.0,0.0,1.0,1.0
210060.0,1,0.0,0.0,1.1897,1.0,4.0,10.0,4.0,1.0,2.0,17.0,10.0,10.0,0.0,1.0,0.0,0.0,0.0,
210061.0,1,0.0,0.0,1.18988,1.0,4.0,10.0,4.0,0.0,5.0,15.0,10.0,10.0,0.0,0.0,0.0,1.0,0.0,
210062.0,3,0.0,0.0,1.18988,1.0,5.0,2.0,5.0,1.0,1.0,20.0,2.0,14.0,1.0,0.0,0.0,0.0,1.0,1.0
210063.0,2,0.0,0.0,1.1897,1.0,4.0,13.0,4.0,1.0,1.0,19.0,13.0,13.0,1.0,0.0,0.0,0.0,0.0,0.0
210064.0,1,0.0,0.0,1.19003,1.0,4.0,10.0,4.0,1.0,4.0,17.0,10.0,10.0,0.0,0.0,1.0,0.0,0.0,
210065.0,3,0.0,0.0,1.19003,1.0,6.0,2.0,6.0,0.0,4.0,20.0,2.0,14.0,0.0,0.0,1.0,0.0,1.0,1.0
210066.0,2,0.0,0.0,1.19003,1.0,4.0,13.0,4.0,1.0,2.0,16.0,13.0,13.0,0.0,1.0,0.0,0.0,0.0,0.0
210068.0,2,0.0,0.0,1.18996,1.0,4.0,10.0,4.0,0.0,4.0,15.0,10.0,10.0,0.0,0.0,1.0,0.0,0.0,0.0
210069.0,3,0.0,0.0,1.18996,1.0,4.0,10.0,4.0,1.0,4.0,16.0,10.0,10.0,0.0,0.0,1.0,0.0,1.0,1.0
210071.0,3,0.0,0.0,1.18996,1.0,4.0,10.0,4.0,0.0,1.0,17.0,10.0,10.0,1.0,0.0,0.0,0.0,1.0,1.0
210072.0,2,0.0,0.0,1.1898,1.0,5.0,6.0,5.0,0.0,1.0,21.0,6.0,18.0,1.0,0.0,0.0,0.0,0.0,0.0
210077.0,3,0.0,0.0,1.1898,1.0,5.0,3.0,5.0,1.0,2.0,23.0,3.0,15.0,0.0,1.0,0.0,0.0,1.0,1.0
210078.0,3,0.0,0.0,1.18996,1.0,5.0,2.0,5.0,1.0,2.0,21.0,2.0,14.0,0.0,1.0,0.0,0.0,1.0,1.0
210079.0,3,0.0,0.0,1.19003,1.0,4.0,11.0,4.0,1.0,4.0,16.0,11.0,11.0,0.0,0.0,1.0,0.0,1.0,1.0
210080.0,1,0.0,0.0,1.1901,1.0,5.0,2.0,5.0,1.0,4.0,25.0,2.0,14.0,0.0,0.0,1.0,0.0,0.0,
210081.0,1,0.0,0.0,1.1901,1.0,4.0,10.0,4.0,1.0,2.0,14.0,10.0,10.0,0.0,1.0,0.0,0.0,0.0,
210082.0,2,0.0,0.0,1.19024,1.0,4.0,13.0,4.0,1.0,5.0,19.0,13.0,13.0,0.0,0.0,0.0,1.0,0.0,0.0
210083.0,3,0.0,0.0,1.19003,1.0,5.0,3.0,5.0,1.0,2.0,21.0,3.0,15.0,0.0,1.0,0.0,0.0,1.0,1.0
210084.0,2,0.0,0.0,1.19003,1.0,5.0,1.0,5.0,0.0,4.0,19.0,1.0,13.0,0.0,0.0,1.0,0.0,0.0,0.0
210085.0,1,0.0,0.0,1.19024,1.0,4.0,13.0,4.0,1.0,3.0,22.0,13.0,13.0,0.0,0.0,0.0,0.0,0.0,
210087.0,2,0.0,0.0,1.1901,1.0,4.0,11.0,4.0,0.0,4.0,15.0,11.0,11.0,0.0,0.0,1.0,0.0,0.0,0.0
210090.0,3,225.0,300.0,1.1901,1.0,4.0,10.0,4.0,0.0,4.0,16.0,10.0,10.0,0.0,0.0,1.0,0.0,1.0,1.0
210091.0,3,0.0,0.0,1.1901,1.0,5.0,1.0,5.0,1.0,2.0,18.0,1.0,13.0,0.0,1.0,0.0,0.0,1.0,1.0
210092.0,1,0.0,0.0,1.1901,1.0,4.0,11.0,4.0,1.0,5.0,16.0,11.0,11.0,0.0,0.0,0.0,1.0,0.0,
210093.0,2,0.0,0.0,1.1901,1.0,5.0,2.0,5.0,0.0,4.0,18.0,2.0,14.0,0.0,0.0,1.0,0.0,0.0,0.0
210094.0,3,0.0,0.0,1.1901,1.0,5.0,2.0,5.0,1.0,1.0,19.0,2.0,14.0,1.0,0.0,0.0,0.0,1.0,1.0
210096.0,1,0.0,0.0,1.19019,1.0,3.0,9.0,3.0,1.0,1.0,15.0,9.0,9.0,1.0,0.0,0.0,0.0,0.0,
210097.0,2,500.0,1000.0,1.19019,1.0,4.0,10.0,4.0,0.0,9.0,15.0,10.0,10.0,0.0,0.0,0.0,0.0,0.0,0.0
210098.0,2,0.0,0.0,1.19019,1.0,4.0,12.0,4.0,0.0,1.0,18.0,12.0,12.0,1.0,0.0,0.0,0.0,0.0,0.0
210099.0,3,0.0,0.0,1.19019,1.0,4.0,12.0,4.0,1.0,4.0,18.0,12.0,12.0,0.0,0.0,1.0,0.0,1.0,1.0
210100.0,1,0.0,0.0,1.19019,1.0,4.0,12.0,4.0,1.0,1.0,17.0,12.0,12.0,1.0,0.0,0.0,0.0,0.0,
210101.0,3,225.0,300.0,1.19019,1.0,4.0,10.0,4.0,1.0,1.0,19.0,10.0,10.0,1.0,0.0,0.0,0.0,1.0,1.0
210102.0,1,0.0,0.0,1.19019,1.0,4.0,11.0,4.0,0.0,1.0,16.0,11.0,11.0,1.0,0.0,0.0,0.0,0.0,
210103.0,1,0.0,0.0,1.19019,1.0,4.0,10.0,4.0,0.0,4.0,15.0,10.0,10.0,0.0,0.0,1.0,0.0,0.0,
210104.0,3,0.0,0.0,1.19019,1.0,4.0,10.0,4.0,0.0,1.0,15.0,10.0,10.0,1.0,0.0,0.0,0.0,1.0,1.0
210105.0,1,0.0,0.0,1.19019,1.0,3.0,9.0,3.0,0.0,1.0,17.0,9.0,9.0,1.0,0.0,0.0,0.0,0.0,
210111.0,3,0.0,0.0,1.19024,1.0,4.0,11.0,4.0,0.0,2.0,18.0,11.0,11.0,0.0,1.0,0.0,0.0,1.0,1.0
210112.0,2,0.0,0.0,1.19024,1.0,3.0,9.0,3.0,1.0,4.0,15.0,9.0,9.0,0.0,0.0,1.0,0.0,0.0,0.0
210113.0,2,0.0,0.0,1.19024,1.0,4.0,12.0,4.0,1.0,1.0,18.0,12.0,12.0,1.0,0.0,0.0,0.0,0.0,0.0
210114.0,1,0.0,0.0,1.19024,1.0,4.0,10.0,4.0,0.0,5.0,17.0,10.0,10.0,0.0,0.0,0.0,1.0,0.0,
210115.0,3,0.0,0.0,1.19024,1.0,4.0,10.0,4.0,0.0,4.0,16.0,10.0,10.0,0.0,0.0,1.0,0.0,1.0,1.0
220025.0,2,0.0,0.0,2.18939,1.0,5.0,1.0,5.0,0.0,1.0,18.0,1.0,13.0,1.0,0.0,0.0,0.0,0.0,0.0
220026.0,1,0.0,0.0,2.18939,1.0,5.0,1.0,5.0,1.0,5.0,20.0,1.0,13.0,0.0,0.0,0.0,1.0,0.0,
220027.0,3,0.0,0.0,2.18941,1.0,3.0,9.0,3.0,1.0,9.0,21.0,9.0,9.0,0.0,0.0,0.0,0.0,1.0,1.0
220028.0,3,0.0,0.0,2.18941,1.0,4.0,13.0,4.0,0.0,2.0,19.0,13.0,13.0,0.0,1.0,0.0,0.0,1.0,1.0
220029.0,1,0.0,0.0,2.18939,1.0,4.0,10.0,4.0,1.0,4.0,17.0,10.0,10.0,0.0,0.0,1.0,0.0,0.0,
220031.0,3,0.0,0.0,2.18947,1.0,5.0,1.0,5.0,0.0,3.0,20.0,1.0,13.0,0.0,0.0,0.0,0.0,1.0,1.0
220032.0,1,0.0,0.0,2.18941,1.0,4.0,13.0,4.0,1.0,4.0,19.0,13.0,13.0,0.0,0.0,1.0,0.0,0.0,
220033.0,2,0.0,0.0,2.18941,1.0,4.0,13.0,4.0,0.0,4.0,19.0,13.0,13.0,0.0,0.0,1.0,0.0,0.0,0.0
220040.0,1,0.0,0.0,3.18953,1.0,3.0,9.0,3.0,0.0,1.0,15.0,9.0,9.0,1.0,0.0,0.0,0.0,0.0,
220045.0,1,0.0,0.0,2.18946,1.0,3.0,9.0,3.0,0.0,1.0,15.0,9.0,9.0,1.0,0.0,0.0,0.0,0.0,
220046.0,2,0.0,0.0,2.18941,1.0,5.0,2.0,5.0,0.0,2.0,22.0,2.0,14.0,0.0,1.0,0.0,0.0,0.0,0.0
220048.0,3,0.0,0.0,3.18953,1.0,4.0,12.0,4.0,0.0,1.0,15.0,12.0,12.0,1.0,0.0,0.0,0.0,1.0,1.0
220049.0,1,0.0,0.0,2.18946,1.0,4.0,10.0,4.0,1.0,4.0,17.0,10.0,10.0,0.0,0.0,1.0,0.0,0.0,
220050.0,3,0.0,0.0,3.18953,1.0,5.0,2.0,5.0,1.0,4.0,20.0,2.0,14.0,0.0,0.0,1.0,0.0,1.0,1.0
220051.0,2,0.0,0.0,2.1896,1.0,5.0,3.0,5.0,0.0,4.0,21.0,3.0,15.0,0.0,0.0,1.0,0.0,0.0,0.0
220052.0,3,0.0,0.0,2.1896,1.0,5.0,2.0,5.0,1.0,4.0,23.0,2.0,14.0,0.0,0.0,1.0,0.0,1.0,1.0
220053.0,2,0.0,0.0,2.1896,1.0,3.0,9.0,3.0,1.0,4.0,14.0,9.0,9.0,0.0,0.0,1.0,0.0,0.0,0.0
220054.0,1,0.0,0.0,2.1896,1.0,3.0,9.0,3.0,1.0,4.0,14.0,9.0,9.0,0.0,0.0,1.0,0.0,0.0,
220055.0,3,0.0,0.0,2.18974,1.0,4.0,10.0,4.0,0.0,1.0,16.0,10.0,10.0,1.0,0.0,0.0,0.0,1.0,1.0
220056.0,1,0.0,0.0,2.18974,1.0,4.0,10.0,4.0,0.0,2.0,17.0,10.0,10.0,0.0,1.0,0.0,0.0,0.0,
220057.0,2,0.0,0.0,2.18947,1.0,5.0,1.0,5.0,1.0,4.0,19.0,1.0,13.0,0.0,0.0,1.0,0.0,0.0,0.0
220058.0,1,0.0,0.0,2.18963,1.0,6.0,1.0,6.0,0.0,4.0,17.0,1.0,13.0,0.0,0.0,1.0,0.0,0.0,
220059.0,2,0.0,0.0,2.18947,1.0,5.0,1.0,5.0,0.0,2.0,23.0,1.0,13.0,0.0,1.0,0.0,0.0,0.0,0.0
220060.0,3,0.0,0.0,2.18947,1.0,4.0,13.0,4.0,1.0,1.0,17.0,13.0,13.0,1.0,0.0,0.0,0.0,1.0,1.0
220061.0,1,0.0,0.0,2.18947,1.0,5.0,1.0,5.0,1.0,2.0,19.0,1.0,13.0,0.0,1.0,0.0,0.0,0.0,
220062.0,2,0.0,0.0,2.18947,1.0,4.0,13.0,4.0,0.0,4.0,20.0,13.0,13.0,0.0,0.0,1.0,0.0,0.0,0.0
220063.0,3,600.0,800.0,2.18947,1.0,4.0,10.0,4.0,1.0,4.0,15.0,10.0,10.0,0.0,0.0,1.0,0.0,1.0,1.0
220064.0,1,0.0,0.0,2.18947,1.0,4.0,13.0,4.0,0.0,2.0,17.0,13.0,13.0,0.0,1.0,0.0,0.0,0.0,
220065.0,2,0.0,0.0,2.18947,1.0,6.0,1.0,6.0,1.0,2.0,18.0,1.0,13.0,0.0,1.0,0.0,0.0,0.0,0.0
220066.0,3,0.0,0.0,2.18947,1.0,6.0,1.0,6.0,0.0,2.0,24.0,1.0,13.0,0.0,1.0,0.0,0.0,1.0,1.0
220068.0,2,0.0,0.0,2.18974,1.0,5.0,1.0,5.0,0.0,2.0,18.0,1.0,13.0,0.0,1.0,0.0,0.0,0.0,0.0
220069.0,1,0.0,0.0,2.18974,1.0,4.0,12.0,4.0,1.0,4.0,18.0,12.0,12.0,0.0,0.0,1.0,0.0,0.0,
220070.0,3,375.0,500.0,2.18952,1.0,4.0,10.0,4.0,0.0,4.0,17.0,10.0,10.0,0.0,0.0,1.0,0.0,1.0,1.0
220071.0,1,0.0,0.0,2.18983,1.0,4.0,10.0,4.0,0.0,4.0,17.0,10.0,10.0,0.0,0.0,1.0,0.0,0.0,
220072.0,3,0.0,0.0,2.18974,1.0,4.0,10.0,4.0,0.0,4.0,20.0,10.0,10.0,0.0,0.0,1.0,0.0,1.0,1.0
220073.0,2,0.0,0.0,2.18974,1.0,4.0,10.0,4.0,1.0,4.0,16.0,10.0,10.0,0.0,0.0,1.0,0.0,0.0,0.0
220074.0,1,0.0,0.0,2.18963,1.0,3.0,9.0,3.0,1.0,4.0,15.0,9.0,9.0,0.0,0.0,1.0,0.0,0.0,
220075.0,3,0.0,0.0,2.18963,1.0,4.0,13.0,4.0,0.0,4.0,17.0,13.0,13.0,0.0,0.0,1.0,0.0,1.0,1.0
220076.0,3,0.0,0.0,2.18952,1.0,5.0,1.0,5.0,1.0,1.0,28.0,1.0,13.0,1.0,0.0,0.0,0.0,1.0,1.0
220078.0,2,0.0,0.0,2.18952,1.0,5.0,1.0,5.0,0.0,4.0,23.0,1.0,13.0,0.0,0.0,1.0,0.0,0.0,0.0
220079.0,2,0.0,0.0,2.18952,1.0,3.0,9.0,3.0,0.0,4.0,15.0,9.0,9.0,0.0,0.0,1.0,0.0,0.0,0.0
220080.0,3,0.0,0.0,2.18952,1.0,3.0,9.0,3.0,1.0,5.0,15.0,9.0,9.0,0.0,0.0,0.0,1.0,1.0,1.0
220081.0,3,0.0,0.0,2.18952,1.0,5.0,2.0,5.0,0.0,5.0,25.0,2.0,14.0,0.0,0.0,0.0,1.0,1.0,1.0
220082.0,1,0.0,0.0,2.18963,1.0,4.0,12.0,4.0,1.0,2.0,17.0,12.0,12.0,0.0,1.0,0.0,0.0,0.0,
220083.0,1,0.0,0.0,2.18963,1.0,4.0,12.0,4.0,0.0,5.0,17.0,12.0,12.0,0.0,0.0,0.0,1.0,0.0,
220085.0,2,0.0,0.0,2.18963,1.0,5.0,1.0,5.0,0.0,1.0,17.0,1.0,13.0,1.0,0.0,0.0,0.0,0.0,0.0
220086.0,3,0.0,0.0,2.18963,1.0,4.0,13.0,4.0,0.0,2.0,19.0,13.0,13.0,0.0,1.0,0.0,0.0,1.0,1.0
220087.0,3,0.0,0.0,2.18963,1.0,5.0,1.0,5.0,1.0,5.0,18.0,1.0,13.0,0.0,0.0,0.0,1.0,1.0,1.0
220088.0,1,0.0,0.0,2.18974,1.0,4.0,12.0,4.0,1.0,1.0,18.0,12.0,12.0,1.0,0.0,0.0,0.0,0.0,
220089.0,2,0.0,0.0,2.18974,1.0,4.0,10.0,4.0,1.0,1.0,16.0,10.0,10.0,1.0,0.0,0.0,0.0,0.0,0.0
220090.0,1,0.0,0.0,2.18974,1.0,5.0,4.0,5.0,0.0,4.0,21.0,4.0,16.0,0.0,0.0,1.0,0.0,0.0,
220091.0,3,0.0,0.0,2.18966,1.0,5.0,2.0,5.0,1.0,1.0,18.0,2.0,14.0,1.0,0.0,0.0,0.0,1.0,1.0
220092.0,1,0.0,0.0,2.18966,1.0,3.0,9.0,3.0,1.0,4.0,15.0,9.0,9.0,0.0,0.0,1.0,0.0,0.0,
220093.0,3,0.0,0.0,2.18966,1.0,5.0,1.0,5.0,1.0,4.0,20.0,1.0,13.0,0.0,0.0,1.0,0.0,1.0,1.0
220094.0,1,0.0,0.0,2.18966,1.0,4.0,10.0,4.0,1.0,4.0,16.0,10.0,10.0,0.0,0.0,1.0,0.0,0.0,
220095.0,2,0.0,0.0,2.18966,1.0,3.0,9.0,3.0,0.0,4.0,14.0,9.0,9.0,0.0,0.0,1.0,0.0,0.0,0.0
220096.0,2,0.0,0.0,2.18983,1.0,5.0,3.0,5.0,1.0,1.0,19.0,3.0,15.0,1.0,0.0,0.0,0.0,0.0,0.0
220098.0,1,0.0,0.0,2.18966,1.0,4.0,13.0,4.0,0.0,1.0,19.0,13.0,13.0,1.0,0.0,0.0,0.0,0.0,
220099.0,3,375.0,500.0,2.18966,1.0,4.0,11.0,4.0,1.0,8.0,19.0,11.0,11.0,0.0,0.0,0.0,0.0,1.0,1.0
220101.0,3,0.0,0.0,2.18966,1.0,3.0,9.0,3.0,1.0,1.0,15.0,9.0,9.0,1.0,0.0,0.0,0.0,1.0,1.0
220102.0,2,0.0,0.0,2.18969,1.0,3.0,9.0,3.0,1.0,2.0,16.0,9.0,9.0,0.0,1.0,0.0,0.0,0.0,0.0
220103.0,3,0.0,0.0,2.18969,1.0,4.0,13.0,4.0,1.0,4.0,22.0,13.0,13.0,0.0,0.0,1.0,0.0,1.0,1.0
220104.0,3,0.0,0.0,2.18969,1.0,6.0,1.0,6.0,1.0,4.0,18.0,1.0,13.0,0.0,0.0,1.0,0.0,1.0,1.0
220105.0,1,0.0,0.0,2.18969,1.0,3.0,9.0,3.0,1.0,1.0,16.0,9.0,9.0,1.0,0.0,0.0,0.0,0.0,
220106.0,2,0.0,0.0,2.18969,1.0,4.0,13.0,4.0,0.0,4.0,19.0,13.0,13.0,0.0,0.0,1.0,0.0,0.0,0.0
220108.0,2,0.0,0.0,2.18969,1.0,4.0,13.0,4.0,0.0,4.0,19.0,13.0,13.0,0.0,0.0,1.0,0.0,0.0,0.0
220110.0,2,0.0,0.0,2.18969,1.0,4.0,10.0,4.0,1.0,1.0,16.0,10.0,10.0,1.0,0.0,0.0,0.0,0.0,0.0
220111.0,1,0.0,0.0,2.18969,1.0,4.0,12.0,4.0,1.0,2.0,22.0,12.0,12.0,0.0,1.0,0.0,0.0,0.0,
220112.0,3,0.0,0.0,2.18969,1.0,4.0,10.0,4.0,1.0,1.0,14.0,10.0,10.0,1.0,0.0,0.0,0.0,1.0,1.0
220113.0,3,0.0,0.0,2.18983,1.0,4.0,13.0,4.0,1.0,1.0,17.0,13.0,13.0,1.0,0.0,0.0,0.0,1.0,1.0
220115.0,1,0.0,0.0,2.18969,1.0,4.0,10.0,4.0,0.0,5.0,15.0,10.0,10.0,0.0,0.0,0.0,1.0,0.0,
220116.0,2,0.0,0.0,2.19005,1.0,6.0,1.0,6.0,1.0,5.0,23.0,1.0,13.0,0.0,0.0,0.0,1.0,0.0,0.0
220118.0,3,0.0,0.0,2.19004,1.0,5.0,2.0,5.0,1.0,4.0,17.0,2.0,14.0,0.0,0.0,1.0,0.0,1.0,1.0
220119.0,2,300.0,600.0,2.18978,1.0,5.0,5.0,5.0,1.0,2.0,23.0,5.0,17.0,0.0,1.0,0.0,0.0,0.0,0.0
220120.0,3,0.0,0.0,2.18978,1.0,3.0,9.0,3.0,0.0,2.0,17.0,9.0,9.0,0.0,1.0,0.0,0.0,1.0,1.0
220121.0,2,0.0,0.0,2.18978,1.0,5.0,1.0,5.0,1.0,4.0,18.0,1.0,13.0,0.0,0.0,1.0,0.0,0.0,0.0
220122.0,3,600.0,800.0,2.18978,1.0,4.0,12.0,4.0,1.0,2.0,26.0,12.0,12.0,0.0,1.0,0.0,0.0,1.0,1.0
220123.0,1,0.0,0.0,2.18978,1.0,4.0,13.0,4.0,1.0,4.0,20.0,13.0,13.0,0.0,0.0,1.0,0.0,0.0,
220124.0,2,0.0,0.0,2.18978,1.0,4.0,10.0,4.0,0.0,2.0,19.0,10.0,10.0,0.0,1.0,0.0,0.0,0.0,0.0
220125.0,3,0.0,0.0,2.18978,1.0,4.0,10.0,4.0,1.0,1.0,18.0,10.0,10.0,1.0,0.0,0.0,0.0,1.0,1.0
220126.0,1,0.0,0.0,2.18978,1.0,3.0,9.0,3.0,0.0,1.0,14.0,9.0,9.0,1.0,0.0,0.0,0.0,0.0,
220130.0,2,0.0,0.0,2.18991,1.0,4.0,11.0,4.0,1.0,5.0,18.0,11.0,11.0,0.0,0.0,0.0,1.0,0.0,0.0
220131.0,2,0.0,0.0,2.18978,1.0,5.0,2.0,5.0,0.0,1.0,22.0,2.0,14.0,1.0,0.0,0.0,0.0,0.0,0.0
220132.0,3,0.0,0.0,2.19005,1.0,5.0,1.0,5.0,0.0,2.0,20.0,1.0,13.0,0.0,1.0,0.0,0.0,1.0,1.0
220133.0,2,250.0,500.0,2.19005,1.0,4.0,12.0,4.0,1.0,1.0,17.0,12.0,12.0,1.0,0.0,0.0,0.0,0.0,0.0
220134.0,3,0.0,0.0,2.19004,1.0,4.0,10.0,4.0,0.0,1.0,17.0,10.0,10.0,1.0,0.0,0.0,0.0,1.0,1.0
220135.0,2,0.0,0.0,2.19004,1.0,4.0,10.0,4.0,0.0,1.0,15.0,10.0,10.0,1.0,0.0,0.0,0.0,0.0,0.0
220136.0,1,0.0,0.0,2.19005,1.0,3.0,9.0,3.0,1.0,2.0,16.0,9.0,9.0,0.0,1.0,0.0,0.0,0.0,
220137.0,3,0.0,0.0,2.19015,1.0,5.0,3.0,5.0,0.0,4.0,23.0,3.0,15.0,0.0,0.0,1.0,0.0,1.0,1.0
220138.0,1,0.0,0.0,2.19004,1.0,4.0,13.0,4.0,1.0,4.0,17.0,13.0,13.0,0.0,0.0,1.0,0.0,0.0,
220139.0,3,225.0,300.0,2.18983,1.0,4.0,10.0,4.0,0.0,5.0,17.0,10.0,10.0,0.0,0.0,0.0,1.0,1.0,1.0
220140.0,2,375.0,500.0,2.18983,1.0,3.0,9.0,3.0,0.0,1.0,15.0,9.0,9.0,1.0,0.0,0.0,0.0,0.0,0.0
220142.0,2,0.0,0.0,2.18983,1.0,3.0,9.0,3.0,0.0,2.0,22.0,9.0,9.0,0.0,1.0,0.0,0.0,0.0,0.0
220144.0,1,0.0,0.0,2.18983,1.0,5.0,2.0,5.0,1.0,1.0,19.0,2.0,14.0,1.0,0.0,0.0,0.0,0.0,
220145.0,2,0.0,0.0,2.18983,1.0,4.0,13.0,4.0,1.0,1.0,17.0,13.0,13.0,1.0,0.0,0.0,0.0,0.0,0.0
220146.0,2,0.0,0.0,2.18988,1.0,6.0,1.0,6.0,0.0,4.0,17.0,1.0,13.0,0.0,0.0,1.0,0.0,0.0,0.0
220147.0,1,0.0,0.0,2.18988,1.0,5.0,1.0,5.0,1.0,5.0,18.0,1.0,13.0,0.0,0.0,0.0,1.0,0.0,
220149.0,3,0.0,0.0,2.19005,1.0,4.0,10.0,4.0,1.0,1.0,15.0,10.0,10.0,1.0,0.0,0.0,0.0,1.0,1.0
220150.0,1,0.0,0.0,2.19015,1.0,5.0,1.0,5.0,0.0,2.0,18.0,1.0,13.0,0.0,1.0,0.0,0.0,0.0,
220152.0,1,0.0,0.0,2.19004,1.0,4.0,11.0,4.0,1.0,1.0,20.0,11.0,11.0,1.0,0.0,0.0,0.0,0.0,
220155.0,2,0.0,0.0,2.18988,1.0,4.0,13.0,4.0,1.0,4.0,15.0,13.0,13.0,0.0,0.0,1.0,0.0,0.0,0.0
220156.0,1,0.0,0.0,2.19005,1.0,5.0,4.0,5.0,1.0,6.0,23.0,4.0,16.0,0.0,0.0,0.0,0.0,0.0,
220157.0,2,0.0,0.0,2.19015,1.0,4.0,10.0,4.0,0.0,1.0,16.0,10.0,10.0,1.0,0.0,0.0,0.0,0.0,0.0
220158.0,1,0.0,0.0,2.19011,1.0,4.0,10.0,4.0,0.0,2.0,22.0,10.0,10.0,0.0,1.0,0.0,0.0,0.0,
220159.0,2,0.0,0.0,2.19004,1.0,3.0,9.0,3.0,1.0,2.0,18.0,9.0,9.0,0.0,1.0,0.0,0.0,0.0,0.0
220160.0,3,0.0,0.0,2.19005,1.0,5.0,1.0,5.0,1.0,1.0,18.0,1.0,13.0,1.0,0.0,0.0,0.0,1.0,1.0
220161.0,3,0.0,0.0,2.19015,1.0,6.0,2.0,6.0,0.0,4.0,19.0,2.0,14.0,0.0,0.0,1.0,0.0,1.0,1.0
220162.0,1,0.0,0.0,2.19011,1.0,5.0,2.0,5.0,0.0,9.0,18.0,2.0,14.0,0.0,0.0,0.0,0.0,0.0,
220163.0,1,0.0,0.0,2.19011,1.0,4.0,10.0,4.0,0.0,2.0,18.0,10.0,10.0,0.0,1.0,0.0,0.0,0.0,
220164.0,2,400.0,800.0,2.18991,1.0,5.0,2.0,5.0,1.0,1.0,18.0,2.0,14.0,1.0,0.0,0.0,0.0,0.0,0.0
220165.0,3,0.0,0.0,2.19011,1.0,6.0,1.0,6.0,1.0,2.0,17.0,1.0,13.0,0.0,1.0,0.0,0.0,1.0,1.0
220166.0,2,0.0,0.0,2.19011,1.0,3.0,9.0,3.0,0.0,1.0,17.0,9.0,9.0,1.0,0.0,0.0,0.0,0.0,0.0
220167.0,3,0.0,0.0,2.19011,1.0,6.0,2.0,6.0,0.0,4.0,23.0,2.0,14.0,0.0,0.0,1.0,0.0,1.0,1.0
220168.0,1,0.0,0.0,2.19011,1.0,5.0,4.0,5.0,1.0,2.0,24.0,4.0,16.0,0.0,1.0,0.0,0.0,0.0,
220169.0,1,0.0,0.0,2.19011,1.0,4.0,13.0,4.0,1.0,5.0,20.0,13.0,13.0,0.0,0.0,0.0,1.0,0.0,
220171.0,2,400.0,800.0,2.19011,1.0,6.0,2.0,6.0,1.0,1.0,21.0,2.0,14.0,1.0,0.0,0.0,0.0,0.0,0.0
220173.0,2,0.0,0.0,2.19023,1.0,5.0,2.0,5.0,1.0,1.0,21.0,2.0,14.0,1.0,0.0,0.0,0.0,0.0,0.0
220174.0,1,0.0,0.0,2.19015,1.0,6.0,2.0,6.0,1.0,4.0,29.0,2.0,14.0,0.0,0.0,1.0,0.0,0.0,
220175.0,3,0.0,0.0,2.19015,1.0,4.0,12.0,4.0,0.0,5.0,17.0,12.0,12.0,0.0,0.0,0.0,1.0,1.0,1.0
220176.0,2,0.0,0.0,2.19015,1.0,5.0,2.0,5.0,0.0,4.0,20.0,2.0,14.0,0.0,0.0,1.0,0.0,0.0,0.0
220177.0,3,0.0,0.0,2.19015,1.0,5.0,1.0,5.0,0.0,2.0,20.0,1.0,13.0,0.0,1.0,0.0,0.0,1.0,1.0
220178.0,1,0.0,0.0,2.19015,1.0,5.0,1.0,5.0,1.0,4.0,18.0,1.0,13.0,0.0,0.0,1.0,0.0,0.0,
220179.0,2,0.0,0.0,2.19015,1.0,3.0,9.0,3.0,0.0,4.0,15.0,9.0,9.0,0.0,0.0,1.0,0.0,0.0,0.0
220180.0,1,0.0,0.0,2.19015,1.0,4.0,13.0,4.0,1.0,2.0,32.0,13.0,13.0,0.0,1.0,0.0,0.0,0.0,
220181.0,1,0.0,0.0,2.19015,1.0,3.0,9.0,3.0,0.0,4.0,17.0,9.0,9.0,0.0,0.0,1.0,0.0,0.0,
220182.0,3,600.0,800.0,2.19017,1.0,6.0,3.0,6.0,1.0,2.0,21.0,3.0,15.0,0.0,1.0,0.0,0.0,1.0,1.0
220183.0,1,0.0,0.0,2.19017,1.0,6.0,3.0,6.0,1.0,5.0,27.0,3.0,15.0,0.0,0.0,0.0,1.0,0.0,
220184.0,2,0.0,0.0,2.19017,1.0,4.0,10.0,4.0,1.0,1.0,16.0,10.0,10.0,1.0,0.0,0.0,0.0,0.0,0.0
220185.0,3,0.0,0.0,2.19017,1.0,4.0,10.0,4.0,0.0,4.0,14.0,10.0,10.0,0.0,0.0,1.0,0.0,1.0,1.0
220186.0,2,0.0,0.0,2.19017,1.0,4.0,11.0,4.0,0.0,1.0,16.0,11.0,11.0,1.0,0.0,0.0,0.0,0.0,0.0
220187.0,1,0.0,0.0,2.19017,1.0,4.0,13.0,4.0,1.0,4.0,19.0,13.0,13.0,0.0,0.0,1.0,0.0,0.0,
220189.0,1,0.0,0.0,2.19017,1.0,3.0,9.0,3.0,1.0,5.0,15.0,9.0,9.0,0.0,0.0,0.0,1.0,0.0,
220190.0,2,0.0,0.0,2.19017,1.0,4.0,12.0,4.0,1.0,1.0,17.0,12.0,12.0,1.0,0.0,0.0,0.0,0.0,0.0
220191.0,2,0.0,0.0,2.19017,1.0,4.0,10.0,4.0,1.0,2.0,20.0,10.0,10.0,0.0,1.0,0.0,0.0,0.0,0.0
220194.0,3,0.0,0.0,2.19023,1.0,5.0,4.0,5.0,1.0,2.0,26.0,4.0,16.0,0.0,1.0,0.0,0.0,1.0,1.0
220196.0,2,300.0,600.0,2.19023,1.0,5.0,1.0,5.0,1.0,4.0,18.0,1.0,13.0,0.0,0.0,1.0,0.0,0.0,0.0
220198.0,3,0.0,0.0,2.19023,1.0,4.0,13.0,4.0,0.0,5.0,17.0,13.0,13.0,0.0,0.0,0.0,1.0,1.0,1.0
220199.0,3,0.0,0.0,2.19023,1.0,4.0,12.0,4.0,0.0,2.0,17.0,12.0,12.0,0.0,1.0,0.0,0.0,1.0,1.0
220200.0,3,0.0,0.0,2.19023,1.0,4.0,12.0,4.0,1.0,1.0,19.0,12.0,12.0,1.0,0.0,0.0,0.0,1.0,1.0
220201.0,1,0.0,0.0,2.19023,1.0,4.0,10.0,4.0,0.0,1.0,16.0,10.0,10.0,1.0,0.0,0.0,0.0,0.0,
220202.0,1,0.0,0.0,2.19023,1.0,4.0,12.0,4.0,0.0,5.0,16.0,12.0,12.0,0.0,0.0,0.0,1.0,0.0,
220203.0,2,0.0,0.0,2.19023,1.0,5.0,1.0,5.0,0.0,2.0,20.0,1.0,13.0,0.0,1.0,0.0,0.0,0.0,0.0
220206.0,2,0.0,0.0,2.19026,1.0,4.0,13.0,4.0,1.0,4.0,17.0,13.0,13.0,0.0,0.0,1.0,0.0,0.0,0.0
220207.0,1,0.0,0.0,2.19026,1.0,4.0,11.0,4.0,1.0,3.0,17.0,11.0,11.0,0.0,0.0,0.0,0.0,0.0,
220208.0,3,0.0,0.0,2.19026,1.0,3.0,9.0,3.0,1.0,4.0,17.0,9.0,9.0,0.0,0.0,1.0,0.0,1.0,1.0
220209.0,3,0.0,0.0,2.19026,1.0,4.0,11.0,4.0,1.0,2.0,18.0,11.0,11.0,0.0,1.0,0.0,0.0,1.0,1.0
220210.0,2,0.0,0.0,2.19026,1.0,4.0,11.0,4.0,1.0,1.0,17.0,11.0,11.0,1.0,0.0,0.0,0.0,0.0,0.0
220212.0,3,0.0,0.0,2.19026,1.0,4.0,10.0,4.0,1.0,4.0,15.0,10.0,10.0,0.0,0.0,1.0,0.0,1.0,1.0
220214.0,2,0.0,0.0,2.19026,1.0,4.0,10.0,4.0,1.0,2.0,16.0,10.0,10.0,0.0,1.0,0.0,0.0,0.0,0.0
220215.0,1,0.0,0.0,2.19026,1.0,4.0,11.0,4.0,1.0,5.0,15.0,11.0,11.0,0.0,0.0,0.0,1.0,0.0,
300011.0,1,0.0,0.0,1.18948,1.0,4.0,10.0,4.0,0.0,1.0,16.0,10.0,10.0,1.0,0.0,0.0,0.0,0.0,
300014.0,3,0.0,0.0,1.18948,1.0,3.0,9.0,3.0,0.0,2.0,20.0,9.0,9.0,0.0,1.0,0.0,0.0,1.0,1.0
300015.0,1,0.0,0.0,1.18968,1.0,5.0,2.0,5.0,0.0,4.0,19.0,2.0,14.0,0.0,0.0,1.0,0.0,0.0,
300017.0,3,0.0,0.0,1.18948,1.0,4.0,13.0,4.0,0.0,4.0,17.0,13.0,13.0,0.0,0.0,1.0,0.0,1.0,1.0
300021.0,3,0.0,0.0,1.18948,1.0,5.0,4.0,5.0,0.0,2.0,22.0,4.0,16.0,0.0,1.0,0.0,0.0,1.0,1.0
300026.0,3,0.0,0.0,1.18948,1.0,5.0,3.0,5.0,1.0,1.0,21.0,3.0,15.0,1.0,0.0,0.0,0.0,1.0,1.0
300027.0,2,0.0,0.0,1.18952,1.0,4.0,11.0,4.0,0.0,1.0,18.0,11.0,11.0,1.0,0.0,0.0,0.0,0.0,0.0
300029.0,1,0.0,0.0,1.18968,1.0,4.0,10.0,4.0,1.0,4.0,15.0,10.0,10.0,0.0,0.0,1.0,0.0,0.0,
300031.0,2,0.0,0.0,1.18968,1.0,3.0,9.0,3.0,0.0,4.0,15.0,9.0,9.0,0.0,0.0,1.0,0.0,0.0,0.0
300032.0,3,0.0,0.0,1.18968,1.0,3.0,9.0,3.0,0.0,1.0,15.0,9.0,9.0,1.0,0.0,0.0,0.0,1.0,1.0
300033.0,3,0.0,0.0,1.18968,1.0,4.0,13.0,4.0,1.0,2.0,20.0,13.0,13.0,0.0,1.0,0.0,0.0,1.0,1.0
300034.0,2,0.0,0.0,1.18968,1.0,3.0,9.0,3.0,1.0,2.0,15.0,9.0,9.0,0.0,1.0,0.0,0.0,0.0,0.0
300038.0,1,0.0,0.0,1.18952,1.0,5.0,2.0,5.0,0.0,2.0,20.0,2.0,14.0,0.0,1.0,0.0,0.0,0.0,
300039.0,3,0.0,0.0,1.18952,1.0,4.0,13.0,4.0,0.0,4.0,17.0,13.0,13.0,0.0,0.0,1.0,0.0,1.0,1.0
300040.0,2,0.0,0.0,1.18968,1.0,4.0,10.0,4.0,1.0,1.0,18.0,10.0,10.0,0.0,0.0,0.0,0.0,0.0,0.0
300041.0,2,0.0,0.0,1.18981,1.0,4.0,13.0,4.0,0.0,4.0,18.0,13.0,13.0,0.0,0.0,1.0,0.0,0.0,0.0
300042.0,3,0.0,0.0,1.18952,1.0,4.0,13.0,4.0,1.0,9.0,21.0,13.0,13.0,0.0,0.0,0.0,0.0,1.0,1.0
300044.0,1,0.0,0.0,1.18981,1.0,4.0,12.0,4.0,1.0,4.0,17.0,12.0,12.0,0.0,0.0,1.0,0.0,0.0,
300045.0,1,0.0,0.0,1.18976,1.0,3.0,9.0,3.0,0.0,4.0,16.0,9.0,9.0,0.0,0.0,1.0,0.0,0.0,
300046.0,2,0.0,0.0,1.18976,1.0,4.0,13.0,4.0,1.0,1.0,19.0,13.0,13.0,1.0,0.0,0.0,0.0,0.0,0.0
300047.0,3,0.0,0.0,1.18991,1.0,4.0,13.0,4.0,0.0,1.0,17.0,13.0,13.0,1.0,0.0,0.0,0.0,1.0,1.0
300048.0,2,0.0,0.0,1.18991,1.0,4.0,11.0,4.0,0.0,2.0,18.0,11.0,11.0,0.0,1.0,0.0,0.0,0.0,0.0
300050.0,3,0.0,0.0,1.18976,1.0,3.0,9.0,3.0,0.0,2.0,16.0,9.0,9.0,0.0,1.0,0.0,0.0,1.0,1.0
300052.0,2,0.0,0.0,1.18991,1.0,5.0,6.0,5.0,0.0,4.0,24.0,6.0,18.0,0.0,0.0,1.0,0.0,0.0,0.0
300055.0,3,0.0,0.0,1.18981,1.0,5.0,5.0,5.0,1.0,4.0,21.0,5.0,17.0,0.0,0.0,1.0,0.0,1.0,1.0
300056.0,1,0.0,0.0,1.19005,1.0,3.0,9.0,3.0,1.0,4.0,17.0,9.0,9.0,0.0,0.0,1.0,0.0,0.0,
300057.0,2,0.0,0.0,1.19005,1.0,5.0,2.0,5.0,0.0,4.0,18.0,2.0,14.0,0.0,0.0,1.0,0.0,0.0,0.0
300058.0,1,0.0,0.0,1.19005,1.0,3.0,9.0,3.0,1.0,1.0,15.0,9.0,9.0,1.0,0.0,0.0,0.0,0.0,
300059.0,2,0.0,0.0,1.19005,1.0,5.0,4.0,5.0,0.0,2.0,38.0,4.0,16.0,0.0,1.0,0.0,0.0,0.0,0.0
300060.0,3,0.0,0.0,1.19005,1.0,3.0,9.0,3.0,1.0,2.0,15.0,9.0,9.0,0.0,1.0,0.0,0.0,1.0,1.0
300061.0,3,0.0,0.0,1.19005,1.0,5.0,3.0,5.0,0.0,3.0,20.0,3.0,15.0,0.0,0.0,0.0,0.0,1.0,1.0
300063.0,1,0.0,0.0,1.18981,1.0,5.0,4.0,5.0,1.0,2.0,35.0,4.0,16.0,0.0,1.0,0.0,0.0,0.0,
300064.0,3,375.0,500.0,1.18981,1.0,3.0,9.0,3.0,0.0,1.0,15.0,9.0,9.0,1.0,0.0,0.0,0.0,1.0,1.0
300065.0,2,0.0,0.0,1.18981,1.0,4.0,11.0,4.0,1.0,2.0,16.0,11.0,11.0,0.0,1.0,0.0,0.0,0.0,0.0
300066.0,1,0.0,0.0,1.18981,1.0,4.0,12.0,4.0,1.0,4.0,17.0,12.0,12.0,0.0,0.0,1.0,0.0,0.0,
300068.0,3,675.0,900.0,1.19005,1.0,5.0,2.0,5.0,1.0,8.0,18.0,2.0,14.0,0.0,0.0,0.0,0.0,1.0,1.0
300073.0,2,0.0,0.0,1.19009,1.0,5.0,2.0,5.0,1.0,1.0,21.0,2.0,14.0,1.0,0.0,0.0,0.0,0.0,0.0
300074.0,1,0.0,0.0,1.19009,1.0,6.0,3.0,6.0,0.0,1.0,18.0,3.0,15.0,1.0,0.0,0.0,0.0,0.0,
300075.0,1,0.0,0.0,1.19009,1.0,4.0,11.0,4.0,1.0,4.0,17.0,11.0,11.0,0.0,0.0,1.0,0.0,0.0,
300077.0,3,0.0,0.0,1.19009,1.0,4.0,12.0,4.0,1.0,4.0,22.0,12.0,12.0,0.0,0.0,1.0,0.0,1.0,1.0
300078.0,3,0.0,0.0,1.19009,1.0,4.0,10.0,4.0,0.0,4.0,19.0,10.0,10.0,0.0,0.0,1.0,0.0,1.0,1.0
300079.0,2,0.0,0.0,1.19009,1.0,4.0,11.0,4.0,0.0,4.0,21.0,11.0,11.0,0.0,0.0,1.0,0.0,0.0,0.0
300080.0,3,0.0,0.0,1.19009,1.0,4.0,10.0,4.0,1.0,2.0,16.0,10.0,10.0,0.0,1.0,0.0,0.0,1.0,1.0
300089.0,1,0.0,0.0,1.19016,1.0,5.0,1.0,5.0,1.0,1.0,18.0,1.0,13.0,1.0,0.0,0.0,0.0,0.0,
300090.0,3,825.0,1100.0,1.19016,1.0,3.0,9.0,3.0,0.0,4.0,16.0,9.0,9.0,0.0,0.0,1.0,0.0,1.0,1.0
300092.0,2,0.0,0.0,1.19016,1.0,4.0,10.0,4.0,1.0,1.0,17.0,10.0,10.0,1.0,0.0,0.0,0.0,0.0,0.0
300093.0,3,0.0,0.0,1.19016,1.0,5.0,2.0,5.0,1.0,4.0,18.0,2.0,14.0,0.0,0.0,1.0,0.0,1.0,1.0
300094.0,3,375.0,500.0,1.19016,1.0,4.0,11.0,4.0,0.0,2.0,17.0,11.0,11.0,0.0,1.0,0.0,0.0,1.0,1.0
300096.0,1,0.0,0.0,1.19016,1.0,4.0,11.0,4.0,1.0,4.0,16.0,11.0,11.0,0.0,0.0,1.0,0.0,0.0,
300097.0,3,0.0,0.0,1.19016,1.0,5.0,7.0,5.0,1.0,1.0,32.0,7.0,19.0,1.0,0.0,0.0,0.0,1.0,1.0
310003.0,2,0.0,0.0,1.1895,1.0,3.0,9.0,3.0,1.0,4.0,15.0,9.0,9.0,0.0,0.0,1.0,0.0,0.0,0.0
310004.0,2,0.0,0.0,1.1895,1.0,3.0,9.0,3.0,0.0,2.0,16.0,9.0,9.0,0.0,1.0,0.0,0.0,0.0,0.0
310005.0,1,0.0,0.0,1.1895,1.0,4.0,10.0,4.0,1.0,4.0,14.0,10.0,10.0,0.0,0.0,1.0,0.0,0.0,
310006.0,3,0.0,0.0,1.18975,1.0,4.0,11.0,4.0,0.0,4.0,17.0,11.0,11.0,0.0,0.0,1.0,0.0,1.0,1.0
310018.0,2,0.0,0.0,1.1895,1.0,4.0,10.0,4.0,0.0,5.0,19.0,10.0,10.0,0.0,0.0,0.0,1.0,0.0,0.0
310021.0,1,0.0,0.0,1.18963,1.0,4.0,13.0,4.0,0.0,5.0,25.0,13.0,13.0,0.0,0.0,0.0,1.0,0.0,
310022.0,3,0.0,0.0,1.18963,1.0,3.0,9.0,3.0,0.0,1.0,15.0,9.0,9.0,1.0,0.0,0.0,0.0,1.0,1.0
310027.0,3,0.0,0.0,1.18984,1.0,5.0,1.0,5.0,0.0,1.0,19.0,1.0,13.0,1.0,0.0,0.0,0.0,1.0,1.0
310032.0,1,0.0,0.0,1.18984,1.0,3.0,9.0,3.0,1.0,4.0,15.0,9.0,9.0,0.0,0.0,1.0,0.0,0.0,
310033.0,3,0.0,0.0,1.18963,1.0,4.0,10.0,4.0,0.0,1.0,17.0,10.0,10.0,1.0,0.0,0.0,0.0,1.0,1.0
310034.0,1,0.0,0.0,1.19017,1.0,5.0,1.0,5.0,0.0,2.0,18.0,1.0,13.0,0.0,1.0,0.0,0.0,0.0,
310036.0,3,0.0,0.0,1.19017,1.0,4.0,10.0,4.0,0.0,4.0,17.0,10.0,10.0,0.0,0.0,1.0,0.0,1.0,1.0
310038.0,2,0.0,0.0,1.18995,1.0,4.0,12.0,4.0,1.0,1.0,18.0,12.0,12.0,0.0,0.0,0.0,0.0,0.0,0.0
310039.0,2,150.0,300.0,1.19017,1.0,4.0,11.0,4.0,1.0,4.0,17.0,11.0,11.0,0.0,0.0,1.0,0.0,0.0,0.0
310040.0,1,0.0,0.0,1.18995,1.0,4.0,13.0,4.0,0.0,4.0,20.0,13.0,13.0,0.0,0.0,1.0,0.0,0.0,
310041.0,1,0.0,0.0,1.18954,1.0,4.0,10.0,4.0,1.0,2.0,18.0,10.0,10.0,0.0,1.0,0.0,0.0,0.0,
310042.0,3,0.0,0.0,1.18954,1.0,4.0,11.0,4.0,0.0,4.0,18.0,11.0,11.0,0.0,0.0,1.0,0.0,1.0,1.0
310044.0,2,0.0,0.0,1.18967,1.0,5.0,4.0,5.0,0.0,4.0,20.0,4.0,16.0,0.0,0.0,1.0,0.0,0.0,0.0
310045.0,3,0.0,0.0,1.18967,1.0,3.0,9.0,3.0,1.0,2.0,17.0,9.0,9.0,0.0,1.0,0.0,0.0,1.0,1.0
310046.0,3,0.0,0.0,1.18967,1.0,4.0,10.0,4.0,0.0,4.0,15.0,10.0,10.0,0.0,0.0,1.0,0.0,1.0,1.0
310047.0,1,0.0,0.0,1.18954,1.0,3.0,9.0,3.0,0.0,1.0,14.0,9.0,9.0,1.0,0.0,0.0,0.0,0.0,
310048.0,2,0.0,0.0,1.19017,1.0,3.0,9.0,3.0,1.0,1.0,15.0,9.0,9.0,1.0,0.0,0.0,0.0,0.0,0.0
310050.0,3,0.0,0.0,1.18967,1.0,5.0,1.0,5.0,1.0,2.0,19.0,1.0,13.0,0.0,1.0,0.0,0.0,1.0,1.0
310053.0,1,0.0,0.0,1.19017,1.0,5.0,1.0,5.0,0.0,5.0,18.0,1.0,13.0,0.0,0.0,0.0,1.0,0.0,
310054.0,1,0.0,0.0,1.18984,1.0,4.0,11.0,4.0,1.0,5.0,24.0,11.0,11.0,0.0,0.0,0.0,1.0,0.0,
310055.0,1,0.0,0.0,1.18984,1.0,4.0,10.0,4.0,1.0,2.0,15.0,10.0,10.0,0.0,1.0,0.0,0.0,0.0,
310056.0,1,0.0,0.0,1.19002,1.0,4.0,10.0,4.0,0.0,1.0,18.0,10.0,10.0,1.0,0.0,0.0,0.0,0.0,
310057.0,2,0.0,0.0,1.19002,1.0,3.0,9.0,3.0,1.0,1.0,16.0,9.0,9.0,1.0,0.0,0.0,0.0,0.0,0.0
310058.0,3,0.0,0.0,1.19002,1.0,3.0,9.0,3.0,0.0,3.0,15.0,9.0,9.0,0.0,0.0,0.0,0.0,1.0,1.0
310059.0,3,0.0,0.0,1.19002,1.0,4.0,11.0,4.0,0.0,5.0,19.0,11.0,11.0,0.0,0.0,0.0,1.0,1.0,1.0
310060.0,2,0.0,0.0,1.19002,1.0,4.0,12.0,4.0,0.0,4.0,18.0,12.0,12.0,0.0,0.0,1.0,0.0,0.0,0.0
310061.0,3,375.0,500.0,1.19002,1.0,4.0,10.0,4.0,1.0,2.0,16.0,10.0,10.0,0.0,1.0,0.0,0.0,1.0,1.0
310062.0,2,0.0,0.0,1.19002,1.0,3.0,9.0,3.0,1.0,4.0,16.0,9.0,9.0,0.0,0.0,1.0,0.0,0.0,0.0
310063.0,1,0.0,0.0,1.19002,1.0,4.0,11.0,4.0,1.0,4.0,16.0,11.0,11.0,0.0,0.0,1.0,0.0,0.0,
310064.0,2,0.0,0.0,1.19017,1.0,3.0,9.0,3.0,0.0,1.0,16.0,9.0,9.0,1.0,0.0,0.0,0.0,0.0,0.0
310065.0,3,375.0,500.0,1.19017,1.0,4.0,11.0,4.0,0.0,1.0,16.0,11.0,11.0,1.0,0.0,0.0,0.0,1.0,1.0
310066.0,1,0.0,0.0,1.19017,1.0,4.0,10.0,4.0,0.0,1.0,16.0,10.0,10.0,1.0,0.0,0.0,0.0,0.0,
310067.0,1,0.0,0.0,1.19017,1.0,5.0,1.0,5.0,1.0,1.0,22.0,1.0,13.0,1.0,0.0,0.0,0.0,0.0,
310069.0,2,0.0,0.0,1.19002,1.0,4.0,12.0,4.0,1.0,1.0,17.0,12.0,12.0,1.0,0.0,0.0,0.0,0.0,0.0
310070.0,3,0.0,0.0,1.19017,1.0,3.0,9.0,3.0,0.0,4.0,15.0,9.0,9.0,0.0,0.0,1.0,0.0,1.0,1.0
310071.0,2,0.0,0.0,1.19026,1.0,4.0,13.0,4.0,0.0,4.0,17.0,13.0,13.0,0.0,0.0,1.0,0.0,0.0,0.0
310072.0,1,0.0,0.0,1.19026,1.0,4.0,10.0,4.0,1.0,1.0,14.0,10.0,10.0,1.0,0.0,0.0,0.0,0.0,
310074.0,2,0.0,0.0,1.19002,1.0,4.0,11.0,4.0,0.0,5.0,19.0,11.0,11.0,0.0,0.0,0.0,1.0,0.0,0.0
310075.0,1,0.0,0.0,1.19002,1.0,4.0,11.0,4.0,1.0,2.0,17.0,11.0,11.0,0.0,1.0,0.0,0.0,0.0,
310077.0,3,0.0,0.0,1.19017,1.0,4.0,10.0,4.0,0.0,1.0,17.0,10.0,10.0,1.0,0.0,0.0,0.0,1.0,1.0
310081.0,2,0.0,0.0,1.19026,1.0,4.0,10.0,4.0,0.0,1.0,14.0,10.0,10.0,1.0,0.0,0.0,0.0,0.0,0.0
310083.0,3,0.0,0.0,1.19026,1.0,4.0,10.0,4.0,0.0,9.0,16.0,10.0,10.0,0.0,0.0,0.0,0.0,1.0,1.0
310084.0,2,0.0,0.0,1.19026,1.0,4.0,10.0,4.0,0.0,4.0,18.0,10.0,10.0,0.0,0.0,1.0,0.0,0.0,0.0
310085.0,2,0.0,0.0,1.19026,1.0,4.0,10.0,4.0,0.0,4.0,17.0,10.0,10.0,0.0,0.0,1.0,0.0,0.0,0.0
310086.0,3,0.0,0.0,1.19026,1.0,4.0,10.0,4.0,1.0,1.0,14.0,10.0,10.0,1.0,0.0,0.0,0.0,1.0,1.0
320010.0,2,0.0,0.0,2.18948,1.0,4.0,10.0,4.0,0.0,1.0,19.0,10.0,10.0,1.0,0.0,0.0,0.0,0.0,0.0
320011.0,3,0.0,0.0,2.18948,1.0,5.0,3.0,5.0,1.0,4.0,20.0,3.0,15.0,0.0,0.0,1.0,0.0,1.0,1.0
320012.0,2,0.0,0.0,2.18948,1.0,4.0,13.0,4.0,0.0,1.0,19.0,13.0,13.0,1.0,0.0,0.0,0.0,0.0,0.0
320013.0,1,0.0,0.0,2.18948,1.0,4.0,11.0,4.0,0.0,1.0,16.0,11.0,11.0,1.0,0.0,0.0,0.0,0.0,
320014.0,3,0.0,0.0,2.18948,1.0,4.0,13.0,4.0,1.0,4.0,19.0,13.0,13.0,0.0,0.0,1.0,0.0,1.0,1.0
320015.0,2,0.0,0.0,2.18962,1.0,4.0,13.0,4.0,0.0,1.0,16.0,13.0,13.0,1.0,0.0,0.0,0.0,0.0,0.0
320016.0,1,0.0,0.0,2.18962,1.0,3.0,9.0,3.0,1.0,4.0,15.0,9.0,9.0,0.0,0.0,1.0,0.0,0.0,
320017.0,2,0.0,0.0,2.18962,1.0,3.0,9.0,3.0,1.0,2.0,19.0,9.0,9.0,0.0,1.0,0.0,0.0,0.0,0.0
320021.0,3,0.0,0.0,2.18962,1.0,5.0,1.0,5.0,0.0,1.0,17.0,1.0,13.0,1.0,0.0,0.0,0.0,1.0,1.0
320022.0,1,0.0,0.0,2.18981,1.0,5.0,1.0,5.0,1.0,2.0,19.0,1.0,13.0,0.0,1.0,0.0,0.0,0.0,
320026.0,3,0.0,0.0,2.18962,1.0,4.0,12.0,4.0,1.0,1.0,16.0,12.0,12.0,1.0,0.0,0.0,0.0,1.0,1.0
320027.0,1,0.0,0.0,2.1895,1.0,3.0,9.0,3.0,0.0,2.0,16.0,9.0,9.0,0.0,1.0,0.0,0.0,0.0,
320028.0,2,0.0,0.0,2.1895,1.0,5.0,5.0,5.0,1.0,1.0,23.0,5.0,17.0,1.0,0.0,0.0,0.0,0.0,0.0
320031.0,1,0.0,0.0,2.1895,1.0,3.0,9.0,3.0,1.0,2.0,15.0,9.0,9.0,0.0,1.0,0.0,0.0,0.0,
320032.0,3,0.0,0.0,2.1895,1.0,5.0,4.0,5.0,0.0,4.0,24.0,4.0,16.0,0.0,0.0,1.0,0.0,1.0,1.0
320036.0,3,375.0,500.0,2.18962,1.0,4.0,10.0,4.0,1.0,1.0,15.0,10.0,10.0,1.0,0.0,0.0,0.0,1.0,1.0
320037.0,3,0.0,0.0,2.18962,1.0,5.0,3.0,5.0,0.0,2.0,24.0,3.0,15.0,0.0,1.0,0.0,0.0,1.0,1.0
320038.0,1,0.0,0.0,2.1895,1.0,4.0,12.0,4.0,1.0,4.0,17.0,12.0,12.0,0.0,0.0,1.0,0.0,0.0,
320040.0,2,0.0,0.0,2.1895,1.0,5.0,1.0,5.0,1.0,2.0,21.0,1.0,13.0,0.0,1.0,0.0,0.0,0.0,0.0
320043.0,2,0.0,0.0,2.1895,1.0,4.0,13.0,4.0,1.0,1.0,18.0,13.0,13.0,1.0,0.0,0.0,0.0,0.0,0.0
320044.0,1,0.0,0.0,2.18962,1.0,4.0,10.0,4.0,0.0,4.0,16.0,10.0,10.0,0.0,0.0,1.0,0.0,0.0,
320045.0,3,0.0,0.0,2.18981,1.0,4.0,10.0,4.0,0.0,5.0,19.0,10.0,10.0,0.0,0.0,0.0,1.0,1.0,1.0
320046.0,3,0.0,0.0,2.18967,1.0,4.0,11.0,4.0,0.0,4.0,17.0,11.0,11.0,0.0,0.0,1.0,0.0,1.0,1.0
320051.0,3,375.0,500.0,2.18967,1.0,4.0,12.0,4.0,1.0,2.0,17.0,12.0,12.0,0.0,1.0,0.0,0.0,1.0,1.0
320058.0,1,0.0,0.0,2.18967,1.0,3.0,9.0,3.0,1.0,4.0,16.0,9.0,9.0,0.0,0.0,1.0,0.0,0.0,
320059.0,2,0.0,0.0,2.18997,1.0,5.0,1.0,5.0,0.0,2.0,18.0,1.0,13.0,0.0,1.0,0.0,0.0,0.0,0.0
320060.0,1,0.0,0.0,2.18997,1.0,6.0,2.0,6.0,0.0,2.0,30.0,2.0,14.0,0.0,1.0,0.0,0.0,0.0,
320061.0,3,0.0,0.0,2.18997,1.0,6.0,1.0,6.0,1.0,4.0,17.0,1.0,13.0,0.0,0.0,1.0,0.0,1.0,1.0
320062.0,2,0.0,0.0,2.1897,1.0,4.0,13.0,4.0,0.0,2.0,19.0,13.0,13.0,0.0,1.0,0.0,0.0,0.0,0.0
320063.0,1,0.0,0.0,2.1897,1.0,5.0,1.0,5.0,1.0,2.0,20.0,1.0,13.0,0.0,1.0,0.0,0.0,0.0,
320064.0,1,0.0,0.0,2.1897,1.0,4.0,13.0,4.0,0.0,5.0,17.0,13.0,13.0,0.0,0.0,0.0,1.0,0.0,
320065.0,2,0.0,0.0,2.1897,1.0,5.0,2.0,5.0,0.0,5.0,20.0,2.0,14.0,0.0,0.0,0.0,1.0,0.0,0.0
320066.0,3,0.0,0.0,2.18997,1.0,4.0,12.0,4.0,0.0,4.0,18.0,12.0,12.0,0.0,0.0,1.0,0.0,1.0,1.0
320069.0,1,0.0,0.0,2.1897,1.0,5.0,1.0,5.0,1.0,1.0,17.0,1.0,13.0,1.0,0.0,0.0,0.0,0.0,
320070.0,3,0.0,0.0,2.1897,1.0,4.0,10.0,4.0,0.0,4.0,17.0,10.0,10.0,0.0,0.0,1.0,0.0,1.0,1.0
320071.0,3,0.0,0.0,2.1897,1.0,3.0,9.0,3.0,0.0,1.0,15.0,9.0,9.0,1.0,0.0,0.0,0.0,1.0,1.0
320072.0,2,0.0,0.0,2.18981,1.0,5.0,4.0,5.0,1.0,4.0,20.0,4.0,16.0,0.0,0.0,1.0,0.0,0.0,0.0
320073.0,1,0.0,0.0,2.18967,1.0,6.0,1.0,6.0,1.0,2.0,18.0,1.0,13.0,0.0,1.0,0.0,0.0,0.0,
320074.0,2,0.0,0.0,2.18981,1.0,3.0,9.0,3.0,1.0,9.0,19.0,9.0,9.0,0.0,0.0,0.0,0.0,0.0,0.0
320075.0,3,0.0,0.0,2.18967,1.0,4.0,10.0,4.0,1.0,2.0,17.0,10.0,10.0,0.0,1.0,0.0,0.0,1.0,1.0
320076.0,3,1800.0,2400.0,2.18997,1.0,5.0,1.0,5.0,1.0,1.0,18.0,1.0,13.0,1.0,0.0,0.0,0.0,1.0,1.0
320077.0,1,0.0,0.0,2.19009,1.0,4.0,11.0,4.0,1.0,4.0,17.0,11.0,11.0,0.0,0.0,1.0,0.0,0.0,
320078.0,2,0.0,0.0,2.1897,1.0,4.0,11.0,4.0,1.0,4.0,17.0,11.0,11.0,0.0,0.0,1.0,0.0,0.0,0.0
320079.0,3,0.0,0.0,2.18997,1.0,4.0,13.0,4.0,1.0,4.0,18.0,13.0,13.0,0.0,0.0,1.0,0.0,1.0,1.0
320080.0,2,0.0,0.0,2.18997,1.0,5.0,3.0,5.0,0.0,8.0,22.0,3.0,15.0,0.0,0.0,0.0,0.0,0.0,0.0
320081.0,1,0.0,0.0,2.18984,1.0,3.0,9.0,3.0,0.0,1.0,15.0,9.0,9.0,1.0,0.0,0.0,0.0,0.0,
320082.0,2,0.0,0.0,2.18975,1.0,4.0,10.0,4.0,0.0,4.0,17.0,10.0,10.0,0.0,0.0,1.0,0.0,0.0,0.0
320084.0,3,0.0,0.0,2.18975,1.0,5.0,1.0,5.0,1.0,1.0,21.0,1.0,13.0,1.0,0.0,0.0,0.0,1.0,1.0
320085.0,1,0.0,0.0,2.18975,1.0,5.0,2.0,5.0,0.0,2.0,20.0,2.0,14.0,0.0,1.0,0.0,0.0,0.0,
320086.0,3,0.0,0.0,2.18975,1.0,5.0,1.0,5.0,0.0,5.0,19.0,1.0,13.0,0.0,0.0,0.0,1.0,1.0,1.0
320087.0,1,0.0,0.0,2.18995,1.0,4.0,10.0,4.0,0.0,2.0,17.0,10.0,10.0,0.0,1.0,0.0,0.0,0.0,
320088.0,2,0.0,0.0,2.18975,1.0,4.0,12.0,4.0,1.0,5.0,18.0,12.0,12.0,0.0,0.0,0.0,1.0,0.0,0.0
320089.0,3,0.0,0.0,2.18975,1.0,4.0,12.0,4.0,0.0,1.0,16.0,12.0,12.0,1.0,0.0,0.0,0.0,1.0,1.0
320090.0,2,0.0,0.0,2.18975,1.0,4.0,10.0,4.0,0.0,4.0,16.0,10.0,10.0,0.0,0.0,1.0,0.0,0.0,0.0
320091.0,3,375.0,500.0,2.18995,1.0,4.0,10.0,4.0,1.0,4.0,18.0,10.0,10.0,0.0,0.0,1.0,0.0,1.0,1.0
320092.0,1,0.0,0.0,2.18995,1.0,4.0,13.0,4.0,1.0,2.0,19.0,13.0,13.0,0.0,1.0,0.0,0.0,0.0,
320093.0,3,600.0,800.0,2.19003,1.0,6.0,1.0,6.0,0.0,4.0,19.0,1.0,13.0,0.0,0.0,1.0,0.0,1.0,1.0
320094.0,2,0.0,0.0,2.18976,1.0,3.0,9.0,3.0,0.0,2.0,16.0,9.0,9.0,0.0,1.0,0.0,0.0,0.0,0.0
320095.0,1,0.0,0.0,2.18976,1.0,4.0,10.0,4.0,0.0,4.0,18.0,10.0,10.0,0.0,0.0,1.0,0.0,0.0,
320096.0,2,0.0,0.0,2.18976,1.0,4.0,11.0,4.0,0.0,2.0,18.0,11.0,11.0,0.0,1.0,0.0,0.0,0.0,0.0
320097.0,1,0.0,0.0,2.18976,1.0,3.0,9.0,3.0,1.0,1.0,15.0,9.0,9.0,1.0,0.0,0.0,0.0,0.0,
320098.0,3,0.0,0.0,2.19003,1.0,4.0,11.0,4.0,0.0,1.0,19.0,11.0,11.0,0.0,0.0,0.0,0.0,1.0,1.0
320099.0,3,0.0,0.0,2.19003,1.0,4.0,13.0,4.0,1.0,2.0,20.0,13.0,13.0,0.0,1.0,0.0,0.0,1.0,1.0
320100.0,2,0.0,0.0,2.18976,1.0,3.0,9.0,3.0,1.0,5.0,19.0,9.0,9.0,0.0,0.0,0.0,1.0,0.0,0.0
320101.0,1,0.0,0.0,2.18976,1.0,4.0,13.0,4.0,1.0,2.0,19.0,13.0,13.0,0.0,1.0,0.0,0.0,0.0,
320104.0,2,0.0,0.0,2.18976,1.0,4.0,13.0,4.0,0.0,2.0,21.0,13.0,13.0,0.0,1.0,0.0,0.0,0.0,0.0
320105.0,1,0.0,0.0,2.18976,1.0,3.0,9.0,3.0,0.0,5.0,17.0,9.0,9.0,0.0,0.0,0.0,1.0,0.0,
320106.0,1,0.0,0.0,2.18984,1.0,4.0,10.0,4.0,1.0,5.0,18.0,10.0,10.0,0.0,0.0,0.0,1.0,0.0,
320107.0,2,0.0,0.0,2.18984,1.0,4.0,11.0,4.0,0.0,4.0,17.0,11.0,11.0,0.0,0.0,1.0,0.0,0.0,0.0
320108.0,3,0.0,0.0,2.18984,1.0,5.0,3.0,5.0,0.0,1.0,19.0,3.0,15.0,1.0,0.0,0.0,0.0,1.0,1.0
320109.0,3,0.0,0.0,2.18984,1.0,5.0,3.0,5.0,1.0,2.0,23.0,3.0,15.0,0.0,1.0,0.0,0.0,1.0,1.0
320111.0,2,0.0,0.0,2.18984,1.0,5.0,1.0,5.0,1.0,1.0,24.0,1.0,13.0,1.0,0.0,0.0,0.0,0.0,0.0
320114.0,2,0.0,0.0,2.18997,1.0,4.0,13.0,4.0,0.0,4.0,17.0,13.0,13.0,0.0,0.0,1.0,0.0,0.0,0.0
320116.0,1,0.0,0.0,2.19001,1.0,4.0,11.0,4.0,1.0,4.0,17.0,11.0,11.0,0.0,0.0,1.0,0.0,0.0,
320117.0,2,0.0,0.0,2.19001,1.0,5.0,5.0,5.0,1.0,1.0,24.0,5.0,17.0,1.0,0.0,0.0,0.0,0.0,0.0
320118.0,1,0.0,0.0,2.19001,1.0,3.0,9.0,3.0,1.0,4.0,17.0,9.0,9.0,0.0,0.0,1.0,0.0,0.0,
320120.0,3,0.0,0.0,2.19003,1.0,4.0,13.0,4.0,1.0,1.0,17.0,13.0,13.0,1.0,0.0,0.0,0.0,1.0,1.0
320121.0,2,0.0,0.0,2.18995,1.0,4.0,11.0,4.0,1.0,5.0,19.0,11.0,11.0,0.0,0.0,0.0,1.0,0.0,0.0
320122.0,1,0.0,0.0,2.19003,1.0,3.0,9.0,3.0,0.0,1.0,17.0,9.0,9.0,1.0,0.0,0.0,0.0,0.0,
320123.0,1,0.0,0.0,2.19003,1.0,5.0,3.0,5.0,0.0,2.0,24.0,3.0,15.0,0.0,1.0,0.0,0.0,0.0,
320124.0,3,0.0,0.0,2.18995,1.0,5.0,2.0,5.0,1.0,5.0,20.0,2.0,14.0,0.0,0.0,0.0,1.0,1.0,1.0
320125.0,3,0.0,0.0,2.18995,1.0,5.0,1.0,5.0,0.0,2.0,27.0,1.0,13.0,0.0,1.0,0.0,0.0,1.0,1.0
320126.0,2,0.0,0.0,2.18995,1.0,4.0,12.0,4.0,1.0,4.0,16.0,12.0,12.0,0.0,0.0,1.0,0.0,0.0,0.0
320127.0,3,0.0,0.0,2.18995,1.0,4.0,12.0,4.0,1.0,8.0,19.0,12.0,12.0,0.0,0.0,0.0,0.0,1.0,1.0
320128.0,2,0.0,0.0,2.19003,1.0,4.0,13.0,4.0,0.0,2.0,18.0,13.0,13.0,0.0,1.0,0.0,0.0,0.0,0.0
320129.0,1,0.0,0.0,2.19001,1.0,4.0,12.0,4.0,0.0,2.0,18.0,12.0,12.0,0.0,1.0,0.0,0.0,0.0,
320132.0,3,0.0,0.0,2.19001,1.0,4.0,10.0,4.0,0.0,2.0,17.0,10.0,10.0,0.0,1.0,0.0,0.0,1.0,1.0
320133.0,2,0.0,0.0,2.19001,1.0,4.0,11.0,4.0,0.0,2.0,21.0,11.0,11.0,0.0,1.0,0.0,0.0,0.0,0.0
320135.0,2,0.0,0.0,2.19001,1.0,5.0,4.0,5.0,1.0,5.0,22.0,4.0,16.0,0.0,0.0,0.0,1.0,0.0,0.0
320136.0,3,600.0,800.0,2.19001,1.0,5.0,2.0,5.0,0.0,2.0,22.0,2.0,14.0,0.0,1.0,0.0,0.0,1.0,1.0
320137.0,3,0.0,0.0,2.19001,1.0,4.0,13.0,4.0,1.0,2.0,20.0,13.0,13.0,0.0,1.0,0.0,0.0,1.0,1.0
320138.0,1,0.0,0.0,2.19003,1.0,4.0,10.0,4.0,1.0,4.0,18.0,10.0,10.0,0.0,0.0,1.0,0.0,0.0,
320139.0,2,0.0,0.0,2.19003,1.0,4.0,10.0,4.0,1.0,4.0,17.0,10.0,10.0,0.0,0.0,1.0,0.0,0.0,0.0
320140.0,3,0.0,0.0,2.19003,1.0,4.0,10.0,4.0,0.0,9.0,19.0,10.0,10.0,0.0,0.0,0.0,0.0,1.0,1.0
320141.0,2,0.0,0.0,2.19003,1.0,4.0,12.0,4.0,1.0,4.0,17.0,12.0,12.0,0.0,0.0,1.0,0.0,0.0,0.0
320142.0,1,0.0,0.0,2.19003,1.0,4.0,10.0,4.0,0.0,4.0,22.0,10.0,10.0,0.0,0.0,1.0,0.0,0.0,
320144.0,3,0.0,0.0,2.19009,1.0,6.0,1.0,6.0,1.0,8.0,17.0,1.0,13.0,0.0,0.0,0.0,0.0,1.0,1.0
320145.0,3,375.0,500.0,2.19009,1.0,4.0,12.0,4.0,1.0,4.0,16.0,12.0,12.0,0.0,0.0,1.0,0.0,1.0,1.0
320146.0,3,375.0,500.0,2.19009,1.0,4.0,10.0,4.0,1.0,4.0,16.0,10.0,10.0,0.0,0.0,1.0,0.0,1.0,1.0
320147.0,2,0.0,0.0,2.19025,1.0,4.0,11.0,4.0,1.0,1.0,20.0,11.0,11.0,1.0,0.0,0.0,0.0,0.0,0.0
320148.0,1,0.0,0.0,2.19009,1.0,5.0,2.0,5.0,1.0,1.0,19.0,2.0,14.0,1.0,0.0,0.0,0.0,0.0,
320149.0,2,0.0,0.0,2.19009,1.0,3.0,9.0,3.0,0.0,4.0,15.0,9.0,9.0,0.0,0.0,1.0,0.0,0.0,0.0
320150.0,1,0.0,0.0,2.19025,1.0,4.0,10.0,4.0,1.0,2.0,19.0,10.0,10.0,0.0,1.0,0.0,0.0,0.0,
320151.0,2,0.0,0.0,2.19025,1.0,5.0,2.0,5.0,1.0,8.0,20.0,2.0,14.0,0.0,0.0,0.0,0.0,0.0,0.0
320152.0,2,0.0,0.0,2.19025,1.0,5.0,1.0,5.0,1.0,5.0,19.0,1.0,13.0,0.0,0.0,0.0,1.0,0.0,0.0
320153.0,3,750.0,1000.0,2.19009,1.0,4.0,12.0,4.0,1.0,2.0,19.0,12.0,12.0,0.0,1.0,0.0,0.0,1.0,1.0
320154.0,1,0.0,0.0,2.19009,1.0,3.0,9.0,3.0,1.0,1.0,17.0,9.0,9.0,1.0,0.0,0.0,0.0,0.0,
320155.0,3,375.0,500.0,2.19009,1.0,3.0,9.0,3.0,0.0,1.0,16.0,9.0,9.0,1.0,0.0,0.0,0.0,1.0,1.0
320156.0,1,0.0,0.0,2.1901,1.0,4.0,11.0,4.0,1.0,4.0,16.0,11.0,11.0,0.0,0.0,1.0,0.0,0.0,
320157.0,1,0.0,0.0,2.1901,1.0,5.0,1.0,5.0,0.0,5.0,18.0,1.0,13.0,0.0,0.0,0.0,1.0,0.0,
320158.0,1,0.0,0.0,2.1901,1.0,3.0,9.0,3.0,1.0,4.0,15.0,9.0,9.0,0.0,0.0,1.0,0.0,0.0,
320159.0,3,0.0,0.0,2.1901,1.0,4.0,13.0,4.0,0.0,1.0,19.0,13.0,13.0,1.0,0.0,0.0,0.0,1.0,1.0
320160.0,3,0.0,0.0,2.1901,1.0,4.0,10.0,4.0,0.0,4.0,16.0,10.0,10.0,0.0,0.0,1.0,0.0,1.0,1.0
320161.0,2,0.0,0.0,2.1901,1.0,5.0,3.0,5.0,1.0,1.0,21.0,3.0,15.0,1.0,0.0,0.0,0.0,0.0,0.0
320162.0,2,0.0,0.0,2.1901,1.0,4.0,13.0,4.0,0.0,4.0,19.0,13.0,13.0,0.0,0.0,1.0,0.0,0.0,0.0
320163.0,1,0.0,0.0,2.1901,1.0,4.0,13.0,4.0,1.0,1.0,21.0,13.0,13.0,1.0,0.0,0.0,0.0,0.0,
320164.0,2,0.0,0.0,2.1901,1.0,5.0,5.0,5.0,1.0,5.0,22.0,5.0,17.0,0.0,0.0,0.0,1.0,0.0,0.0
320165.0,3,0.0,0.0,2.1901,1.0,5.0,3.0,5.0,0.0,2.0,22.0,3.0,15.0,0.0,1.0,0.0,0.0,1.0,1.0
320168.0,3,0.0,0.0,2.19022,1.0,5.0,2.0,5.0,0.0,1.0,19.0,2.0,14.0,1.0,0.0,0.0,0.0,1.0,1.0
320169.0,3,975.0,1300.0,2.19022,1.0,4.0,10.0,4.0,0.0,4.0,15.0,10.0,10.0,0.0,0.0,1.0,0.0,1.0,1.0
320170.0,1,0.0,0.0,2.19022,1.0,4.0,12.0,4.0,1.0,1.0,17.0,12.0,12.0,1.0,0.0,0.0,0.0,0.0,
320171.0,1,0.0,0.0,2.19022,1.0,4.0,10.0,4.0,0.0,4.0,16.0,10.0,10.0,0.0,0.0,1.0,0.0,0.0,
320174.0,2,0.0,0.0,2.19022,1.0,4.0,11.0,4.0,1.0,4.0,18.0,11.0,11.0,0.0,0.0,1.0,0.0,0.0,0.0
320175.0,2,0.0,0.0,2.19022,1.0,5.0,2.0,5.0,0.0,4.0,21.0,2.0,14.0,0.0,0.0,1.0,0.0,0.0,0.0
320176.0,3,0.0,0.0,2.19022,1.0,5.0,2.0,5.0,0.0,5.0,20.0,2.0,14.0,0.0,0.0,0.0,1.0,1.0,1.0
320177.0,1,0.0,0.0,2.19022,1.0,5.0,2.0,5.0,1.0,2.0,18.0,2.0,14.0,0.0,1.0,0.0,0.0,0.0,
320182.0,3,0.0,0.0,2.19025,1.0,4.0,10.0,4.0,0.0,1.0,14.0,10.0,10.0,1.0,0.0,0.0,0.0,1.0,1.0
320183.0,2,0.0,0.0,2.19025,1.0,4.0,11.0,4.0,0.0,2.0,17.0,11.0,11.0,0.0,1.0,0.0,0.0,0.0,0.0
320184.0,3,0.0,0.0,2.19018,1.0,6.0,1.0,6.0,1.0,2.0,24.0,1.0,13.0,0.0,1.0,0.0,0.0,1.0,1.0
320185.0,2,0.0,0.0,2.19018,1.0,6.0,1.0,6.0,0.0,1.0,20.0,1.0,13.0,1.0,0.0,0.0,0.0,0.0,0.0
320186.0,1,0.0,0.0,2.19018,1.0,6.0,3.0,6.0,0.0,2.0,24.0,3.0,15.0,0.0,1.0,0.0,0.0,0.0,
320187.0,2,0.0,0.0,2.19018,1.0,6.0,1.0,6.0,1.0,1.0,19.0,1.0,13.0,1.0,0.0,0.0,0.0,0.0,0.0
320188.0,2,0.0,0.0,2.19018,1.0,6.0,1.0,6.0,1.0,4.0,17.0,1.0,13.0,0.0,0.0,1.0,0.0,0.0,0.0
320191.0,3,225.0,300.0,2.19018,1.0,4.0,12.0,4.0,0.0,1.0,17.0,12.0,12.0,1.0,0.0,0.0,0.0,1.0,1.0
320192.0,1,0.0,0.0,2.19018,1.0,4.0,12.0,4.0,1.0,2.0,17.0,12.0,12.0,0.0,1.0,0.0,0.0,0.0,
320193.0,3,0.0,0.0,2.19018,1.0,4.0,11.0,4.0,0.0,1.0,22.0,11.0,11.0,1.0,0.0,0.0,0.0,1.0,1.0
320194.0,2,0.0,0.0,2.19025,1.0,4.0,12.0,4.0,1.0,4.0,20.0,12.0,12.0,0.0,0.0,1.0,0.0,0.0,0.0
320195.0,1,0.0,0.0,2.19025,1.0,4.0,10.0,4.0,0.0,4.0,16.0,10.0,10.0,0.0,0.0,1.0,0.0,0.0,
320196.0,3,0.0,0.0,2.1902,1.0,4.0,11.0,4.0,1.0,2.0,16.0,11.0,11.0,0.0,1.0,0.0,0.0,1.0,1.0
320197.0,1,0.0,0.0,2.1902,1.0,5.0,1.0,5.0,0.0,4.0,18.0,1.0,13.0,0.0,0.0,1.0,0.0,0.0,
320198.0,2,0.0,0.0,2.1902,1.0,4.0,10.0,4.0,0.0,4.0,15.0,10.0,10.0,0.0,0.0,1.0,0.0,0.0,0.0
320199.0,3,0.0,0.0,2.1902,1.0,5.0,4.0,5.0,0.0,1.0,22.0,4.0,16.0,1.0,0.0,0.0,0.0,1.0,1.0
320200.0,1,0.0,0.0,2.1902,1.0,5.0,1.0,5.0,1.0,2.0,21.0,1.0,13.0,0.0,1.0,0.0,0.0,0.0,
320201.0,3,0.0,0.0,2.1902,1.0,5.0,4.0,5.0,1.0,4.0,21.0,4.0,16.0,0.0,0.0,1.0,0.0,1.0,1.0
320206.0,2,0.0,0.0,2.1902,1.0,3.0,9.0,3.0,0.0,4.0,17.0,9.0,9.0,0.0,0.0,1.0,0.0,0.0,0.0
320207.0,3,0.0,0.0,2.1902,1.0,4.0,10.0,4.0,1.0,1.0,17.0,10.0,10.0,1.0,0.0,0.0,0.0,1.0,1.0
320208.0,2,0.0,0.0,2.1902,1.0,4.0,10.0,4.0,0.0,4.0,19.0,10.0,10.0,0.0,0.0,1.0,0.0,0.0,0.0
320209.0,1,0.0,0.0,2.1902,1.0,5.0,2.0,5.0,0.0,2.0,20.0,2.0,14.0,0.0,1.0,0.0,0.0,0.0,
320211.0,3,0.0,0.0,2.1902,1.0,5.0,2.0,5.0,0.0,4.0,23.0,2.0,14.0,0.0,0.0,1.0,0.0,1.0,1.0
320212.0,1,0.0,0.0,2.1902,1.0,4.0,10.0,4.0,0.0,1.0,15.0,10.0,10.0,0.0,0.0,0.0,0.0,0.0,
320213.0,2,0.0,0.0,2.1902,1.0,5.0,3.0,5.0,0.0,8.0,22.0,3.0,15.0,0.0,0.0,0.0,0.0,0.0,0.0
320214.0,2,0.0,0.0,2.1902,1.0,4.0,13.0,4.0,1.0,2.0,19.0,13.0,13.0,0.0,1.0,0.0,0.0,0.0,0.0
320223.0,2,0.0,0.0,2.19025,1.0,4.0,10.0,4.0,0.0,9.0,19.0,10.0,10.0,0.0,0.0,0.0,0.0,0.0,0.0
